data,valor,codigo_serie,indicador
2022-01-01,9.25,432,Taxa Selic (% a.a.)
2022-01-02,9.25,432,Taxa Selic (% a.a.)
2022-01-03,9.25,432,Taxa Selic (% a.a.)
2022-01-04,9.25,432,Taxa Selic (% a.a.)
2022-01-05,9.25,432,Taxa Selic (% a.a.)
2022-01-06,9.25,432,Taxa Selic (% a.a.)
2022-01-07,9.25,432,Taxa Selic (% a.a.)
2022-01-08,9.25,432,Taxa Selic (% a.a.)
2022-01-09,9.25,432,Taxa Selic (% a.a.)
2022-01-10,9.25,432,Taxa Selic (% a.a.)
2022-01-11,9.25,432,Taxa Selic (% a.a.)
2022-01-12,9.25,432,Taxa Selic (% a.a.)
2022-01-13,9.25,432,Taxa Selic (% a.a.)
2022-01-14,9.25,432,Taxa Selic (% a.a.)
2022-01-15,9.25,432,Taxa Selic (% a.a.)
2022-01-16,9.25,432,Taxa Selic (% a.a.)
2022-01-17,9.25,432,Taxa Selic (% a.a.)
2022-01-18,9.25,432,Taxa Selic (% a.a.)
2022-01-19,9.25,432,Taxa Selic (% a.a.)
2022-01-20,9.25,432,Taxa Selic (% a.a.)
2022-01-21,9.25,432,Taxa Selic (% a.a.)
2022-01-22,9.25,432,Taxa Selic (% a.a.)
2022-01-23,9.25,432,Taxa Selic (% a.a.)
2022-01-24,9.25,432,Taxa Selic (% a.a.)
2022-01-25,9.25,432,Taxa Selic (% a.a.)
2022-01-26,9.25,432,Taxa Selic (% a.a.)
2022-01-27,9.25,432,Taxa Selic (% a.a.)
2022-01-28,9.25,432,Taxa Selic (% a.a.)
2022-01-29,9.25,432,Taxa Selic (% a.a.)
2022-01-30,9.25,432,Taxa Selic (% a.a.)
2022-01-31,9.25,432,Taxa Selic (% a.a.)
2022-02-01,9.25,432,Taxa Selic (% a.a.)
2022-02-02,9.25,432,Taxa Selic (% a.a.)
2022-02-03,10.75,432,Taxa Selic (% a.a.)
2022-02-04,10.75,432,Taxa Selic (% a.a.)
2022-02-05,10.75,432,Taxa Selic (% a.a.)
2022-02-06,10.75,432,Taxa Selic (% a.a.)
2022-02-07,10.75,432,Taxa Selic (% a.a.)
2022-02-08,10.75,432,Taxa Selic (% a.a.)
2022-02-09,10.75,432,Taxa Selic (% a.a.)
2022-02-10,10.75,432,Taxa Selic (% a.a.)
2022-02-11,10.75,432,Taxa Selic (% a.a.)
2022-02-12,10.75,432,Taxa Selic (% a.a.)
2022-02-13,10.75,432,Taxa Selic (% a.a.)
2022-02-14,10.75,432,Taxa Selic (% a.a.)
2022-02-15,10.75,432,Taxa Selic (% a.a.)
2022-02-16,10.75,432,Taxa Selic (% a.a.)
2022-02-17,10.75,432,Taxa Selic (% a.a.)
2022-02-18,10.75,432,Taxa Selic (% a.a.)
2022-02-19,10.75,432,Taxa Selic (% a.a.)
2022-02-20,10.75,432,Taxa Selic (% a.a.)
2022-02-21,10.75,432,Taxa Selic (% a.a.)
2022-02-22,10.75,432,Taxa Selic (% a.a.)
2022-02-23,10.75,432,Taxa Selic (% a.a.)
2022-02-24,10.75,432,Taxa Selic (% a.a.)
2022-02-25,10.75,432,Taxa Selic (% a.a.)
2022-02-26,10.75,432,Taxa Selic (% a.a.)
2022-02-27,10.75,432,Taxa Selic (% a.a.)
2022-02-28,10.75,432,Taxa Selic (% a.a.)
2022-03-01,10.75,432,Taxa Selic (% a.a.)
2022-03-02,10.75,432,Taxa Selic (% a.a.)
2022-03-03,10.75,432,Taxa Selic (% a.a.)
2022-03-04,10.75,432,Taxa Selic (% a.a.)
2022-03-05,10.75,432,Taxa Selic (% a.a.)
2022-03-06,10.75,432,Taxa Selic (% a.a.)
2022-03-07,10.75,432,Taxa Selic (% a.a.)
2022-03-08,10.75,432,Taxa Selic (% a.a.)
2022-03-09,10.75,432,Taxa Selic (% a.a.)
2022-03-10,10.75,432,Taxa Selic (% a.a.)
2022-03-11,10.75,432,Taxa Selic (% a.a.)
2022-03-12,10.75,432,Taxa Selic (% a.a.)
2022-03-13,10.75,432,Taxa Selic (% a.a.)
2022-03-14,10.75,432,Taxa Selic (% a.a.)
2022-03-15,10.75,432,Taxa Selic (% a.a.)
2022-03-16,10.75,432,Taxa Selic (% a.a.)
2022-03-17,11.75,432,Taxa Selic (% a.a.)
2022-03-18,11.75,432,Taxa Selic (% a.a.)
2022-03-19,11.75,432,Taxa Selic (% a.a.)
2022-03-20,11.75,432,Taxa Selic (% a.a.)
2022-03-21,11.75,432,Taxa Selic (% a.a.)
2022-03-22,11.75,432,Taxa Selic (% a.a.)
2022-03-23,11.75,432,Taxa Selic (% a.a.)
2022-03-24,11.75,432,Taxa Selic (% a.a.)
2022-03-25,11.75,432,Taxa Selic (% a.a.)
2022-03-26,11.75,432,Taxa Selic (% a.a.)
2022-03-27,11.75,432,Taxa Selic (% a.a.)
2022-03-28,11.75,432,Taxa Selic (% a.a.)
2022-03-29,11.75,432,Taxa Selic (% a.a.)
2022-03-30,11.75,432,Taxa Selic (% a.a.)
2022-03-31,11.75,432,Taxa Selic (% a.a.)
2022-04-01,11.75,432,Taxa Selic (% a.a.)
2022-04-02,11.75,432,Taxa Selic (% a.a.)
2022-04-03,11.75,432,Taxa Selic (% a.a.)
2022-04-04,11.75,432,Taxa Selic (% a.a.)
2022-04-05,11.75,432,Taxa Selic (% a.a.)
2022-04-06,11.75,432,Taxa Selic (% a.a.)
2022-04-07,11.75,432,Taxa Selic (% a.a.)
2022-04-08,11.75,432,Taxa Selic (% a.a.)
2022-04-09,11.75,432,Taxa Selic (% a.a.)
2022-04-10,11.75,432,Taxa Selic (% a.a.)
2022-04-11,11.75,432,Taxa Selic (% a.a.)
2022-04-12,11.75,432,Taxa Selic (% a.a.)
2022-04-13,11.75,432,Taxa Selic (% a.a.)
2022-04-14,11.75,432,Taxa Selic (% a.a.)
2022-04-15,11.75,432,Taxa Selic (% a.a.)
2022-04-16,11.75,432,Taxa Selic (% a.a.)
2022-04-17,11.75,432,Taxa Selic (% a.a.)
2022-04-18,11.75,432,Taxa Selic (% a.a.)
2022-04-19,11.75,432,Taxa Selic (% a.a.)
2022-04-20,11.75,432,Taxa Selic (% a.a.)
2022-04-21,11.75,432,Taxa Selic (% a.a.)
2022-04-22,11.75,432,Taxa Selic (% a.a.)
2022-04-23,11.75,432,Taxa Selic (% a.a.)
2022-04-24,11.75,432,Taxa Selic (% a.a.)
2022-04-25,11.75,432,Taxa Selic (% a.a.)
2022-04-26,11.75,432,Taxa Selic (% a.a.)
2022-04-27,11.75,432,Taxa Selic (% a.a.)
2022-04-28,11.75,432,Taxa Selic (% a.a.)
2022-04-29,11.75,432,Taxa Selic (% a.a.)
2022-04-30,11.75,432,Taxa Selic (% a.a.)
2022-05-01,11.75,432,Taxa Selic (% a.a.)
2022-05-02,11.75,432,Taxa Selic (% a.a.)
2022-05-03,11.75,432,Taxa Selic (% a.a.)
2022-05-04,11.75,432,Taxa Selic (% a.a.)
2022-05-05,12.75,432,Taxa Selic (% a.a.)
2022-05-06,12.75,432,Taxa Selic (% a.a.)
2022-05-07,12.75,432,Taxa Selic (% a.a.)
2022-05-08,12.75,432,Taxa Selic (% a.a.)
2022-05-09,12.75,432,Taxa Selic (% a.a.)
2022-05-10,12.75,432,Taxa Selic (% a.a.)
2022-05-11,12.75,432,Taxa Selic (% a.a.)
2022-05-12,12.75,432,Taxa Selic (% a.a.)
2022-05-13,12.75,432,Taxa Selic (% a.a.)
2022-05-14,12.75,432,Taxa Selic (% a.a.)
2022-05-15,12.75,432,Taxa Selic (% a.a.)
2022-05-16,12.75,432,Taxa Selic (% a.a.)
2022-05-17,12.75,432,Taxa Selic (% a.a.)
2022-05-18,12.75,432,Taxa Selic (% a.a.)
2022-05-19,12.75,432,Taxa Selic (% a.a.)
2022-05-20,12.75,432,Taxa Selic (% a.a.)
2022-05-21,12.75,432,Taxa Selic (% a.a.)
2022-05-22,12.75,432,Taxa Selic (% a.a.)
2022-05-23,12.75,432,Taxa Selic (% a.a.)
2022-05-24,12.75,432,Taxa Selic (% a.a.)
2022-05-25,12.75,432,Taxa Selic (% a.a.)
2022-05-26,12.75,432,Taxa Selic (% a.a.)
2022-05-27,12.75,432,Taxa Selic (% a.a.)
2022-05-28,12.75,432,Taxa Selic (% a.a.)
2022-05-29,12.75,432,Taxa Selic (% a.a.)
2022-05-30,12.75,432,Taxa Selic (% a.a.)
2022-05-31,12.75,432,Taxa Selic (% a.a.)
2022-06-01,12.75,432,Taxa Selic (% a.a.)
2022-06-02,12.75,432,Taxa Selic (% a.a.)
2022-06-03,12.75,432,Taxa Selic (% a.a.)
2022-06-04,12.75,432,Taxa Selic (% a.a.)
2022-06-05,12.75,432,Taxa Selic (% a.a.)
2022-06-06,12.75,432,Taxa Selic (% a.a.)
2022-06-07,12.75,432,Taxa Selic (% a.a.)
2022-06-08,12.75,432,Taxa Selic (% a.a.)
2022-06-09,12.75,432,Taxa Selic (% a.a.)
2022-06-10,12.75,432,Taxa Selic (% a.a.)
2022-06-11,12.75,432,Taxa Selic (% a.a.)
2022-06-12,12.75,432,Taxa Selic (% a.a.)
2022-06-13,12.75,432,Taxa Selic (% a.a.)
2022-06-14,12.75,432,Taxa Selic (% a.a.)
2022-06-15,12.75,432,Taxa Selic (% a.a.)
2022-06-16,13.25,432,Taxa Selic (% a.a.)
2022-06-17,13.25,432,Taxa Selic (% a.a.)
2022-06-18,13.25,432,Taxa Selic (% a.a.)
2022-06-19,13.25,432,Taxa Selic (% a.a.)
2022-06-20,13.25,432,Taxa Selic (% a.a.)
2022-06-21,13.25,432,Taxa Selic (% a.a.)
2022-06-22,13.25,432,Taxa Selic (% a.a.)
2022-06-23,13.25,432,Taxa Selic (% a.a.)
2022-06-24,13.25,432,Taxa Selic (% a.a.)
2022-06-25,13.25,432,Taxa Selic (% a.a.)
2022-06-26,13.25,432,Taxa Selic (% a.a.)
2022-06-27,13.25,432,Taxa Selic (% a.a.)
2022-06-28,13.25,432,Taxa Selic (% a.a.)
2022-06-29,13.25,432,Taxa Selic (% a.a.)
2022-06-30,13.25,432,Taxa Selic (% a.a.)
2022-07-01,13.25,432,Taxa Selic (% a.a.)
2022-07-02,13.25,432,Taxa Selic (% a.a.)
2022-07-03,13.25,432,Taxa Selic (% a.a.)
2022-07-04,13.25,432,Taxa Selic (% a.a.)
2022-07-05,13.25,432,Taxa Selic (% a.a.)
2022-07-06,13.25,432,Taxa Selic (% a.a.)
2022-07-07,13.25,432,Taxa Selic (% a.a.)
2022-07-08,13.25,432,Taxa Selic (% a.a.)
2022-07-09,13.25,432,Taxa Selic (% a.a.)
2022-07-10,13.25,432,Taxa Selic (% a.a.)
2022-07-11,13.25,432,Taxa Selic (% a.a.)
2022-07-12,13.25,432,Taxa Selic (% a.a.)
2022-07-13,13.25,432,Taxa Selic (% a.a.)
2022-07-14,13.25,432,Taxa Selic (% a.a.)
2022-07-15,13.25,432,Taxa Selic (% a.a.)
2022-07-16,13.25,432,Taxa Selic (% a.a.)
2022-07-17,13.25,432,Taxa Selic (% a.a.)
2022-07-18,13.25,432,Taxa Selic (% a.a.)
2022-07-19,13.25,432,Taxa Selic (% a.a.)
2022-07-20,13.25,432,Taxa Selic (% a.a.)
2022-07-21,13.25,432,Taxa Selic (% a.a.)
2022-07-22,13.25,432,Taxa Selic (% a.a.)
2022-07-23,13.25,432,Taxa Selic (% a.a.)
2022-07-24,13.25,432,Taxa Selic (% a.a.)
2022-07-25,13.25,432,Taxa Selic (% a.a.)
2022-07-26,13.25,432,Taxa Selic (% a.a.)
2022-07-27,13.25,432,Taxa Selic (% a.a.)
2022-07-28,13.25,432,Taxa Selic (% a.a.)
2022-07-29,13.25,432,Taxa Selic (% a.a.)
2022-07-30,13.25,432,Taxa Selic (% a.a.)
2022-07-31,13.25,432,Taxa Selic (% a.a.)
2022-08-01,13.25,432,Taxa Selic (% a.a.)
2022-08-02,13.25,432,Taxa Selic (% a.a.)
2022-08-03,13.25,432,Taxa Selic (% a.a.)
2022-08-04,13.75,432,Taxa Selic (% a.a.)
2022-08-05,13.75,432,Taxa Selic (% a.a.)
2022-08-06,13.75,432,Taxa Selic (% a.a.)
2022-08-07,13.75,432,Taxa Selic (% a.a.)
2022-08-08,13.75,432,Taxa Selic (% a.a.)
2022-08-09,13.75,432,Taxa Selic (% a.a.)
2022-08-10,13.75,432,Taxa Selic (% a.a.)
2022-08-11,13.75,432,Taxa Selic (% a.a.)
2022-08-12,13.75,432,Taxa Selic (% a.a.)
2022-08-13,13.75,432,Taxa Selic (% a.a.)
2022-08-14,13.75,432,Taxa Selic (% a.a.)
2022-08-15,13.75,432,Taxa Selic (% a.a.)
2022-08-16,13.75,432,Taxa Selic (% a.a.)
2022-08-17,13.75,432,Taxa Selic (% a.a.)
2022-08-18,13.75,432,Taxa Selic (% a.a.)
2022-08-19,13.75,432,Taxa Selic (% a.a.)
2022-08-20,13.75,432,Taxa Selic (% a.a.)
2022-08-21,13.75,432,Taxa Selic (% a.a.)
2022-08-22,13.75,432,Taxa Selic (% a.a.)
2022-08-23,13.75,432,Taxa Selic (% a.a.)
2022-08-24,13.75,432,Taxa Selic (% a.a.)
2022-08-25,13.75,432,Taxa Selic (% a.a.)
2022-08-26,13.75,432,Taxa Selic (% a.a.)
2022-08-27,13.75,432,Taxa Selic (% a.a.)
2022-08-28,13.75,432,Taxa Selic (% a.a.)
2022-08-29,13.75,432,Taxa Selic (% a.a.)
2022-08-30,13.75,432,Taxa Selic (% a.a.)
2022-08-31,13.75,432,Taxa Selic (% a.a.)
2022-09-01,13.75,432,Taxa Selic (% a.a.)
2022-09-02,13.75,432,Taxa Selic (% a.a.)
2022-09-03,13.75,432,Taxa Selic (% a.a.)
2022-09-04,13.75,432,Taxa Selic (% a.a.)
2022-09-05,13.75,432,Taxa Selic (% a.a.)
2022-09-06,13.75,432,Taxa Selic (% a.a.)
2022-09-07,13.75,432,Taxa Selic (% a.a.)
2022-09-08,13.75,432,Taxa Selic (% a.a.)
2022-09-09,13.75,432,Taxa Selic (% a.a.)
2022-09-10,13.75,432,Taxa Selic (% a.a.)
2022-09-11,13.75,432,Taxa Selic (% a.a.)
2022-09-12,13.75,432,Taxa Selic (% a.a.)
2022-09-13,13.75,432,Taxa Selic (% a.a.)
2022-09-14,13.75,432,Taxa Selic (% a.a.)
2022-09-15,13.75,432,Taxa Selic (% a.a.)
2022-09-16,13.75,432,Taxa Selic (% a.a.)
2022-09-17,13.75,432,Taxa Selic (% a.a.)
2022-09-18,13.75,432,Taxa Selic (% a.a.)
2022-09-19,13.75,432,Taxa Selic (% a.a.)
2022-09-20,13.75,432,Taxa Selic (% a.a.)
2022-09-21,13.75,432,Taxa Selic (% a.a.)
2022-09-22,13.75,432,Taxa Selic (% a.a.)
2022-09-23,13.75,432,Taxa Selic (% a.a.)
2022-09-24,13.75,432,Taxa Selic (% a.a.)
2022-09-25,13.75,432,Taxa Selic (% a.a.)
2022-09-26,13.75,432,Taxa Selic (% a.a.)
2022-09-27,13.75,432,Taxa Selic (% a.a.)
2022-09-28,13.75,432,Taxa Selic (% a.a.)
2022-09-29,13.75,432,Taxa Selic (% a.a.)
2022-09-30,13.75,432,Taxa Selic (% a.a.)
2022-10-01,13.75,432,Taxa Selic (% a.a.)
2022-10-02,13.75,432,Taxa Selic (% a.a.)
2022-10-03,13.75,432,Taxa Selic (% a.a.)
2022-10-04,13.75,432,Taxa Selic (% a.a.)
2022-10-05,13.75,432,Taxa Selic (% a.a.)
2022-10-06,13.75,432,Taxa Selic (% a.a.)
2022-10-07,13.75,432,Taxa Selic (% a.a.)
2022-10-08,13.75,432,Taxa Selic (% a.a.)
2022-10-09,13.75,432,Taxa Selic (% a.a.)
2022-10-10,13.75,432,Taxa Selic (% a.a.)
2022-10-11,13.75,432,Taxa Selic (% a.a.)
2022-10-12,13.75,432,Taxa Selic (% a.a.)
2022-10-13,13.75,432,Taxa Selic (% a.a.)
2022-10-14,13.75,432,Taxa Selic (% a.a.)
2022-10-15,13.75,432,Taxa Selic (% a.a.)
2022-10-16,13.75,432,Taxa Selic (% a.a.)
2022-10-17,13.75,432,Taxa Selic (% a.a.)
2022-10-18,13.75,432,Taxa Selic (% a.a.)
2022-10-19,13.75,432,Taxa Selic (% a.a.)
2022-10-20,13.75,432,Taxa Selic (% a.a.)
2022-10-21,13.75,432,Taxa Selic (% a.a.)
2022-10-22,13.75,432,Taxa Selic (% a.a.)
2022-10-23,13.75,432,Taxa Selic (% a.a.)
2022-10-24,13.75,432,Taxa Selic (% a.a.)
2022-10-25,13.75,432,Taxa Selic (% a.a.)
2022-10-26,13.75,432,Taxa Selic (% a.a.)
2022-10-27,13.75,432,Taxa Selic (% a.a.)
2022-10-28,13.75,432,Taxa Selic (% a.a.)
2022-10-29,13.75,432,Taxa Selic (% a.a.)
2022-10-30,13.75,432,Taxa Selic (% a.a.)
2022-10-31,13.75,432,Taxa Selic (% a.a.)
2022-11-01,13.75,432,Taxa Selic (% a.a.)
2022-11-02,13.75,432,Taxa Selic (% a.a.)
2022-11-03,13.75,432,Taxa Selic (% a.a.)
2022-11-04,13.75,432,Taxa Selic (% a.a.)
2022-11-05,13.75,432,Taxa Selic (% a.a.)
2022-11-06,13.75,432,Taxa Selic (% a.a.)
2022-11-07,13.75,432,Taxa Selic (% a.a.)
2022-11-08,13.75,432,Taxa Selic (% a.a.)
2022-11-09,13.75,432,Taxa Selic (% a.a.)
2022-11-10,13.75,432,Taxa Selic (% a.a.)
2022-11-11,13.75,432,Taxa Selic (% a.a.)
2022-11-12,13.75,432,Taxa Selic (% a.a.)
2022-11-13,13.75,432,Taxa Selic (% a.a.)
2022-11-14,13.75,432,Taxa Selic (% a.a.)
2022-11-15,13.75,432,Taxa Selic (% a.a.)
2022-11-16,13.75,432,Taxa Selic (% a.a.)
2022-11-17,13.75,432,Taxa Selic (% a.a.)
2022-11-18,13.75,432,Taxa Selic (% a.a.)
2022-11-19,13.75,432,Taxa Selic (% a.a.)
2022-11-20,13.75,432,Taxa Selic (% a.a.)
2022-11-21,13.75,432,Taxa Selic (% a.a.)
2022-11-22,13.75,432,Taxa Selic (% a.a.)
2022-11-23,13.75,432,Taxa Selic (% a.a.)
2022-11-24,13.75,432,Taxa Selic (% a.a.)
2022-11-25,13.75,432,Taxa Selic (% a.a.)
2022-11-26,13.75,432,Taxa Selic (% a.a.)
2022-11-27,13.75,432,Taxa Selic (% a.a.)
2022-11-28,13.75,432,Taxa Selic (% a.a.)
2022-11-29,13.75,432,Taxa Selic (% a.a.)
2022-11-30,13.75,432,Taxa Selic (% a.a.)
2022-12-01,13.75,432,Taxa Selic (% a.a.)
2022-12-02,13.75,432,Taxa Selic (% a.a.)
2022-12-03,13.75,432,Taxa Selic (% a.a.)
2022-12-04,13.75,432,Taxa Selic (% a.a.)
2022-12-05,13.75,432,Taxa Selic (% a.a.)
2022-12-06,13.75,432,Taxa Selic (% a.a.)
2022-12-07,13.75,432,Taxa Selic (% a.a.)
2022-12-08,13.75,432,Taxa Selic (% a.a.)
2022-12-09,13.75,432,Taxa Selic (% a.a.)
2022-12-10,13.75,432,Taxa Selic (% a.a.)
2022-12-11,13.75,432,Taxa Selic (% a.a.)
2022-12-12,13.75,432,Taxa Selic (% a.a.)
2022-12-13,13.75,432,Taxa Selic (% a.a.)
2022-12-14,13.75,432,Taxa Selic (% a.a.)
2022-12-15,13.75,432,Taxa Selic (% a.a.)
2022-12-16,13.75,432,Taxa Selic (% a.a.)
2022-12-17,13.75,432,Taxa Selic (% a.a.)
2022-12-18,13.75,432,Taxa Selic (% a.a.)
2022-12-19,13.75,432,Taxa Selic (% a.a.)
2022-12-20,13.75,432,Taxa Selic (% a.a.)
2022-12-21,13.75,432,Taxa Selic (% a.a.)
2022-12-22,13.75,432,Taxa Selic (% a.a.)
2022-12-23,13.75,432,Taxa Selic (% a.a.)
2022-12-24,13.75,432,Taxa Selic (% a.a.)
2022-12-25,13.75,432,Taxa Selic (% a.a.)
2022-12-26,13.75,432,Taxa Selic (% a.a.)
2022-12-27,13.75,432,Taxa Selic (% a.a.)
2022-12-28,13.75,432,Taxa Selic (% a.a.)
2022-12-29,13.75,432,Taxa Selic (% a.a.)
2022-12-30,13.75,432,Taxa Selic (% a.a.)
2022-12-31,13.75,432,Taxa Selic (% a.a.)
2023-01-01,13.75,432,Taxa Selic (% a.a.)
2023-01-02,13.75,432,Taxa Selic (% a.a.)
2023-01-03,13.75,432,Taxa Selic (% a.a.)
2023-01-04,13.75,432,Taxa Selic (% a.a.)
2023-01-05,13.75,432,Taxa Selic (% a.a.)
2023-01-06,13.75,432,Taxa Selic (% a.a.)
2023-01-07,13.75,432,Taxa Selic (% a.a.)
2023-01-08,13.75,432,Taxa Selic (% a.a.)
2023-01-09,13.75,432,Taxa Selic (% a.a.)
2023-01-10,13.75,432,Taxa Selic (% a.a.)
2023-01-11,13.75,432,Taxa Selic (% a.a.)
2023-01-12,13.75,432,Taxa Selic (% a.a.)
2023-01-13,13.75,432,Taxa Selic (% a.a.)
2023-01-14,13.75,432,Taxa Selic (% a.a.)
2023-01-15,13.75,432,Taxa Selic (% a.a.)
2023-01-16,13.75,432,Taxa Selic (% a.a.)
2023-01-17,13.75,432,Taxa Selic (% a.a.)
2023-01-18,13.75,432,Taxa Selic (% a.a.)
2023-01-19,13.75,432,Taxa Selic (% a.a.)
2023-01-20,13.75,432,Taxa Selic (% a.a.)
2023-01-21,13.75,432,Taxa Selic (% a.a.)
2023-01-22,13.75,432,Taxa Selic (% a.a.)
2023-01-23,13.75,432,Taxa Selic (% a.a.)
2023-01-24,13.75,432,Taxa Selic (% a.a.)
2023-01-25,13.75,432,Taxa Selic (% a.a.)
2023-01-26,13.75,432,Taxa Selic (% a.a.)
2023-01-27,13.75,432,Taxa Selic (% a.a.)
2023-01-28,13.75,432,Taxa Selic (% a.a.)
2023-01-29,13.75,432,Taxa Selic (% a.a.)
2023-01-30,13.75,432,Taxa Selic (% a.a.)
2023-01-31,13.75,432,Taxa Selic (% a.a.)
2023-02-01,13.75,432,Taxa Selic (% a.a.)
2023-02-02,13.75,432,Taxa Selic (% a.a.)
2023-02-03,13.75,432,Taxa Selic (% a.a.)
2023-02-04,13.75,432,Taxa Selic (% a.a.)
2023-02-05,13.75,432,Taxa Selic (% a.a.)
2023-02-06,13.75,432,Taxa Selic (% a.a.)
2023-02-07,13.75,432,Taxa Selic (% a.a.)
2023-02-08,13.75,432,Taxa Selic (% a.a.)
2023-02-09,13.75,432,Taxa Selic (% a.a.)
2023-02-10,13.75,432,Taxa Selic (% a.a.)
2023-02-11,13.75,432,Taxa Selic (% a.a.)
2023-02-12,13.75,432,Taxa Selic (% a.a.)
2023-02-13,13.75,432,Taxa Selic (% a.a.)
2023-02-14,13.75,432,Taxa Selic (% a.a.)
2023-02-15,13.75,432,Taxa Selic (% a.a.)
2023-02-16,13.75,432,Taxa Selic (% a.a.)
2023-02-17,13.75,432,Taxa Selic (% a.a.)
2023-02-18,13.75,432,Taxa Selic (% a.a.)
2023-02-19,13.75,432,Taxa Selic (% a.a.)
2023-02-20,13.75,432,Taxa Selic (% a.a.)
2023-02-21,13.75,432,Taxa Selic (% a.a.)
2023-02-22,13.75,432,Taxa Selic (% a.a.)
2023-02-23,13.75,432,Taxa Selic (% a.a.)
2023-02-24,13.75,432,Taxa Selic (% a.a.)
2023-02-25,13.75,432,Taxa Selic (% a.a.)
2023-02-26,13.75,432,Taxa Selic (% a.a.)
2023-02-27,13.75,432,Taxa Selic (% a.a.)
2023-02-28,13.75,432,Taxa Selic (% a.a.)
2023-03-01,13.75,432,Taxa Selic (% a.a.)
2023-03-02,13.75,432,Taxa Selic (% a.a.)
2023-03-03,13.75,432,Taxa Selic (% a.a.)
2023-03-04,13.75,432,Taxa Selic (% a.a.)
2023-03-05,13.75,432,Taxa Selic (% a.a.)
2023-03-06,13.75,432,Taxa Selic (% a.a.)
2023-03-07,13.75,432,Taxa Selic (% a.a.)
2023-03-08,13.75,432,Taxa Selic (% a.a.)
2023-03-09,13.75,432,Taxa Selic (% a.a.)
2023-03-10,13.75,432,Taxa Selic (% a.a.)
2023-03-11,13.75,432,Taxa Selic (% a.a.)
2023-03-12,13.75,432,Taxa Selic (% a.a.)
2023-03-13,13.75,432,Taxa Selic (% a.a.)
2023-03-14,13.75,432,Taxa Selic (% a.a.)
2023-03-15,13.75,432,Taxa Selic (% a.a.)
2023-03-16,13.75,432,Taxa Selic (% a.a.)
2023-03-17,13.75,432,Taxa Selic (% a.a.)
2023-03-18,13.75,432,Taxa Selic (% a.a.)
2023-03-19,13.75,432,Taxa Selic (% a.a.)
2023-03-20,13.75,432,Taxa Selic (% a.a.)
2023-03-21,13.75,432,Taxa Selic (% a.a.)
2023-03-22,13.75,432,Taxa Selic (% a.a.)
2023-03-23,13.75,432,Taxa Selic (% a.a.)
2023-03-24,13.75,432,Taxa Selic (% a.a.)
2023-03-25,13.75,432,Taxa Selic (% a.a.)
2023-03-26,13.75,432,Taxa Selic (% a.a.)
2023-03-27,13.75,432,Taxa Selic (% a.a.)
2023-03-28,13.75,432,Taxa Selic (% a.a.)
2023-03-29,13.75,432,Taxa Selic (% a.a.)
2023-03-30,13.75,432,Taxa Selic (% a.a.)
2023-03-31,13.75,432,Taxa Selic (% a.a.)
2023-04-01,13.75,432,Taxa Selic (% a.a.)
2023-04-02,13.75,432,Taxa Selic (% a.a.)
2023-04-03,13.75,432,Taxa Selic (% a.a.)
2023-04-04,13.75,432,Taxa Selic (% a.a.)
2023-04-05,13.75,432,Taxa Selic (% a.a.)
2023-04-06,13.75,432,Taxa Selic (% a.a.)
2023-04-07,13.75,432,Taxa Selic (% a.a.)
2023-04-08,13.75,432,Taxa Selic (% a.a.)
2023-04-09,13.75,432,Taxa Selic (% a.a.)
2023-04-10,13.75,432,Taxa Selic (% a.a.)
2023-04-11,13.75,432,Taxa Selic (% a.a.)
2023-04-12,13.75,432,Taxa Selic (% a.a.)
2023-04-13,13.75,432,Taxa Selic (% a.a.)
2023-04-14,13.75,432,Taxa Selic (% a.a.)
2023-04-15,13.75,432,Taxa Selic (% a.a.)
2023-04-16,13.75,432,Taxa Selic (% a.a.)
2023-04-17,13.75,432,Taxa Selic (% a.a.)
2023-04-18,13.75,432,Taxa Selic (% a.a.)
2023-04-19,13.75,432,Taxa Selic (% a.a.)
2023-04-20,13.75,432,Taxa Selic (% a.a.)
2023-04-21,13.75,432,Taxa Selic (% a.a.)
2023-04-22,13.75,432,Taxa Selic (% a.a.)
2023-04-23,13.75,432,Taxa Selic (% a.a.)
2023-04-24,13.75,432,Taxa Selic (% a.a.)
2023-04-25,13.75,432,Taxa Selic (% a.a.)
2023-04-26,13.75,432,Taxa Selic (% a.a.)
2023-04-27,13.75,432,Taxa Selic (% a.a.)
2023-04-28,13.75,432,Taxa Selic (% a.a.)
2023-04-29,13.75,432,Taxa Selic (% a.a.)
2023-04-30,13.75,432,Taxa Selic (% a.a.)
2023-05-01,13.75,432,Taxa Selic (% a.a.)
2023-05-02,13.75,432,Taxa Selic (% a.a.)
2023-05-03,13.75,432,Taxa Selic (% a.a.)
2023-05-04,13.75,432,Taxa Selic (% a.a.)
2023-05-05,13.75,432,Taxa Selic (% a.a.)
2023-05-06,13.75,432,Taxa Selic (% a.a.)
2023-05-07,13.75,432,Taxa Selic (% a.a.)
2023-05-08,13.75,432,Taxa Selic (% a.a.)
2023-05-09,13.75,432,Taxa Selic (% a.a.)
2023-05-10,13.75,432,Taxa Selic (% a.a.)
2023-05-11,13.75,432,Taxa Selic (% a.a.)
2023-05-12,13.75,432,Taxa Selic (% a.a.)
2023-05-13,13.75,432,Taxa Selic (% a.a.)
2023-05-14,13.75,432,Taxa Selic (% a.a.)
2023-05-15,13.75,432,Taxa Selic (% a.a.)
2023-05-16,13.75,432,Taxa Selic (% a.a.)
2023-05-17,13.75,432,Taxa Selic (% a.a.)
2023-05-18,13.75,432,Taxa Selic (% a.a.)
2023-05-19,13.75,432,Taxa Selic (% a.a.)
2023-05-20,13.75,432,Taxa Selic (% a.a.)
2023-05-21,13.75,432,Taxa Selic (% a.a.)
2023-05-22,13.75,432,Taxa Selic (% a.a.)
2023-05-23,13.75,432,Taxa Selic (% a.a.)
2023-05-24,13.75,432,Taxa Selic (% a.a.)
2023-05-25,13.75,432,Taxa Selic (% a.a.)
2023-05-26,13.75,432,Taxa Selic (% a.a.)
2023-05-27,13.75,432,Taxa Selic (% a.a.)
2023-05-28,13.75,432,Taxa Selic (% a.a.)
2023-05-29,13.75,432,Taxa Selic (% a.a.)
2023-05-30,13.75,432,Taxa Selic (% a.a.)
2023-05-31,13.75,432,Taxa Selic (% a.a.)
2023-06-01,13.75,432,Taxa Selic (% a.a.)
2023-06-02,13.75,432,Taxa Selic (% a.a.)
2023-06-03,13.75,432,Taxa Selic (% a.a.)
2023-06-04,13.75,432,Taxa Selic (% a.a.)
2023-06-05,13.75,432,Taxa Selic (% a.a.)
2023-06-06,13.75,432,Taxa Selic (% a.a.)
2023-06-07,13.75,432,Taxa Selic (% a.a.)
2023-06-08,13.75,432,Taxa Selic (% a.a.)
2023-06-09,13.75,432,Taxa Selic (% a.a.)
2023-06-10,13.75,432,Taxa Selic (% a.a.)
2023-06-11,13.75,432,Taxa Selic (% a.a.)
2023-06-12,13.75,432,Taxa Selic (% a.a.)
2023-06-13,13.75,432,Taxa Selic (% a.a.)
2023-06-14,13.75,432,Taxa Selic (% a.a.)
2023-06-15,13.75,432,Taxa Selic (% a.a.)
2023-06-16,13.75,432,Taxa Selic (% a.a.)
2023-06-17,13.75,432,Taxa Selic (% a.a.)
2023-06-18,13.75,432,Taxa Selic (% a.a.)
2023-06-19,13.75,432,Taxa Selic (% a.a.)
2023-06-20,13.75,432,Taxa Selic (% a.a.)
2023-06-21,13.75,432,Taxa Selic (% a.a.)
2023-06-22,13.75,432,Taxa Selic (% a.a.)
2023-06-23,13.75,432,Taxa Selic (% a.a.)
2023-06-24,13.75,432,Taxa Selic (% a.a.)
2023-06-25,13.75,432,Taxa Selic (% a.a.)
2023-06-26,13.75,432,Taxa Selic (% a.a.)
2023-06-27,13.75,432,Taxa Selic (% a.a.)
2023-06-28,13.75,432,Taxa Selic (% a.a.)
2023-06-29,13.75,432,Taxa Selic (% a.a.)
2023-06-30,13.75,432,Taxa Selic (% a.a.)
2023-07-01,13.75,432,Taxa Selic (% a.a.)
2023-07-02,13.75,432,Taxa Selic (% a.a.)
2023-07-03,13.75,432,Taxa Selic (% a.a.)
2023-07-04,13.75,432,Taxa Selic (% a.a.)
2023-07-05,13.75,432,Taxa Selic (% a.a.)
2023-07-06,13.75,432,Taxa Selic (% a.a.)
2023-07-07,13.75,432,Taxa Selic (% a.a.)
2023-07-08,13.75,432,Taxa Selic (% a.a.)
2023-07-09,13.75,432,Taxa Selic (% a.a.)
2023-07-10,13.75,432,Taxa Selic (% a.a.)
2023-07-11,13.75,432,Taxa Selic (% a.a.)
2023-07-12,13.75,432,Taxa Selic (% a.a.)
2023-07-13,13.75,432,Taxa Selic (% a.a.)
2023-07-14,13.75,432,Taxa Selic (% a.a.)
2023-07-15,13.75,432,Taxa Selic (% a.a.)
2023-07-16,13.75,432,Taxa Selic (% a.a.)
2023-07-17,13.75,432,Taxa Selic (% a.a.)
2023-07-18,13.75,432,Taxa Selic (% a.a.)
2023-07-19,13.75,432,Taxa Selic (% a.a.)
2023-07-20,13.75,432,Taxa Selic (% a.a.)
2023-07-21,13.75,432,Taxa Selic (% a.a.)
2023-07-22,13.75,432,Taxa Selic (% a.a.)
2023-07-23,13.75,432,Taxa Selic (% a.a.)
2023-07-24,13.75,432,Taxa Selic (% a.a.)
2023-07-25,13.75,432,Taxa Selic (% a.a.)
2023-07-26,13.75,432,Taxa Selic (% a.a.)
2023-07-27,13.75,432,Taxa Selic (% a.a.)
2023-07-28,13.75,432,Taxa Selic (% a.a.)
2023-07-29,13.75,432,Taxa Selic (% a.a.)
2023-07-30,13.75,432,Taxa Selic (% a.a.)
2023-07-31,13.75,432,Taxa Selic (% a.a.)
2023-08-01,13.75,432,Taxa Selic (% a.a.)
2023-08-02,13.75,432,Taxa Selic (% a.a.)
2023-08-03,13.25,432,Taxa Selic (% a.a.)
2023-08-04,13.25,432,Taxa Selic (% a.a.)
2023-08-05,13.25,432,Taxa Selic (% a.a.)
2023-08-06,13.25,432,Taxa Selic (% a.a.)
2023-08-07,13.25,432,Taxa Selic (% a.a.)
2023-08-08,13.25,432,Taxa Selic (% a.a.)
2023-08-09,13.25,432,Taxa Selic (% a.a.)
2023-08-10,13.25,432,Taxa Selic (% a.a.)
2023-08-11,13.25,432,Taxa Selic (% a.a.)
2023-08-12,13.25,432,Taxa Selic (% a.a.)
2023-08-13,13.25,432,Taxa Selic (% a.a.)
2023-08-14,13.25,432,Taxa Selic (% a.a.)
2023-08-15,13.25,432,Taxa Selic (% a.a.)
2023-08-16,13.25,432,Taxa Selic (% a.a.)
2023-08-17,13.25,432,Taxa Selic (% a.a.)
2023-08-18,13.25,432,Taxa Selic (% a.a.)
2023-08-19,13.25,432,Taxa Selic (% a.a.)
2023-08-20,13.25,432,Taxa Selic (% a.a.)
2023-08-21,13.25,432,Taxa Selic (% a.a.)
2023-08-22,13.25,432,Taxa Selic (% a.a.)
2023-08-23,13.25,432,Taxa Selic (% a.a.)
2023-08-24,13.25,432,Taxa Selic (% a.a.)
2023-08-25,13.25,432,Taxa Selic (% a.a.)
2023-08-26,13.25,432,Taxa Selic (% a.a.)
2023-08-27,13.25,432,Taxa Selic (% a.a.)
2023-08-28,13.25,432,Taxa Selic (% a.a.)
2023-08-29,13.25,432,Taxa Selic (% a.a.)
2023-08-30,13.25,432,Taxa Selic (% a.a.)
2023-08-31,13.25,432,Taxa Selic (% a.a.)
2023-09-01,13.25,432,Taxa Selic (% a.a.)
2023-09-02,13.25,432,Taxa Selic (% a.a.)
2023-09-03,13.25,432,Taxa Selic (% a.a.)
2023-09-04,13.25,432,Taxa Selic (% a.a.)
2023-09-05,13.25,432,Taxa Selic (% a.a.)
2023-09-06,13.25,432,Taxa Selic (% a.a.)
2023-09-07,13.25,432,Taxa Selic (% a.a.)
2023-09-08,13.25,432,Taxa Selic (% a.a.)
2023-09-09,13.25,432,Taxa Selic (% a.a.)
2023-09-10,13.25,432,Taxa Selic (% a.a.)
2023-09-11,13.25,432,Taxa Selic (% a.a.)
2023-09-12,13.25,432,Taxa Selic (% a.a.)
2023-09-13,13.25,432,Taxa Selic (% a.a.)
2023-09-14,13.25,432,Taxa Selic (% a.a.)
2023-09-15,13.25,432,Taxa Selic (% a.a.)
2023-09-16,13.25,432,Taxa Selic (% a.a.)
2023-09-17,13.25,432,Taxa Selic (% a.a.)
2023-09-18,13.25,432,Taxa Selic (% a.a.)
2023-09-19,13.25,432,Taxa Selic (% a.a.)
2023-09-20,13.25,432,Taxa Selic (% a.a.)
2023-09-21,12.75,432,Taxa Selic (% a.a.)
2023-09-22,12.75,432,Taxa Selic (% a.a.)
2023-09-23,12.75,432,Taxa Selic (% a.a.)
2023-09-24,12.75,432,Taxa Selic (% a.a.)
2023-09-25,12.75,432,Taxa Selic (% a.a.)
2023-09-26,12.75,432,Taxa Selic (% a.a.)
2023-09-27,12.75,432,Taxa Selic (% a.a.)
2023-09-28,12.75,432,Taxa Selic (% a.a.)
2023-09-29,12.75,432,Taxa Selic (% a.a.)
2023-09-30,12.75,432,Taxa Selic (% a.a.)
2023-10-01,12.75,432,Taxa Selic (% a.a.)
2023-10-02,12.75,432,Taxa Selic (% a.a.)
2023-10-03,12.75,432,Taxa Selic (% a.a.)
2023-10-04,12.75,432,Taxa Selic (% a.a.)
2023-10-05,12.75,432,Taxa Selic (% a.a.)
2023-10-06,12.75,432,Taxa Selic (% a.a.)
2023-10-07,12.75,432,Taxa Selic (% a.a.)
2023-10-08,12.75,432,Taxa Selic (% a.a.)
2023-10-09,12.75,432,Taxa Selic (% a.a.)
2023-10-10,12.75,432,Taxa Selic (% a.a.)
2023-10-11,12.75,432,Taxa Selic (% a.a.)
2023-10-12,12.75,432,Taxa Selic (% a.a.)
2023-10-13,12.75,432,Taxa Selic (% a.a.)
2023-10-14,12.75,432,Taxa Selic (% a.a.)
2023-10-15,12.75,432,Taxa Selic (% a.a.)
2023-10-16,12.75,432,Taxa Selic (% a.a.)
2023-10-17,12.75,432,Taxa Selic (% a.a.)
2023-10-18,12.75,432,Taxa Selic (% a.a.)
2023-10-19,12.75,432,Taxa Selic (% a.a.)
2023-10-20,12.75,432,Taxa Selic (% a.a.)
2023-10-21,12.75,432,Taxa Selic (% a.a.)
2023-10-22,12.75,432,Taxa Selic (% a.a.)
2023-10-23,12.75,432,Taxa Selic (% a.a.)
2023-10-24,12.75,432,Taxa Selic (% a.a.)
2023-10-25,12.75,432,Taxa Selic (% a.a.)
2023-10-26,12.75,432,Taxa Selic (% a.a.)
2023-10-27,12.75,432,Taxa Selic (% a.a.)
2023-10-28,12.75,432,Taxa Selic (% a.a.)
2023-10-29,12.75,432,Taxa Selic (% a.a.)
2023-10-30,12.75,432,Taxa Selic (% a.a.)
2023-10-31,12.75,432,Taxa Selic (% a.a.)
2023-11-01,12.75,432,Taxa Selic (% a.a.)
2023-11-02,12.25,432,Taxa Selic (% a.a.)
2023-11-03,12.25,432,Taxa Selic (% a.a.)
2023-11-04,12.25,432,Taxa Selic (% a.a.)
2023-11-05,12.25,432,Taxa Selic (% a.a.)
2023-11-06,12.25,432,Taxa Selic (% a.a.)
2023-11-07,12.25,432,Taxa Selic (% a.a.)
2023-11-08,12.25,432,Taxa Selic (% a.a.)
2023-11-09,12.25,432,Taxa Selic (% a.a.)
2023-11-10,12.25,432,Taxa Selic (% a.a.)
2023-11-11,12.25,432,Taxa Selic (% a.a.)
2023-11-12,12.25,432,Taxa Selic (% a.a.)
2023-11-13,12.25,432,Taxa Selic (% a.a.)
2023-11-14,12.25,432,Taxa Selic (% a.a.)
2023-11-15,12.25,432,Taxa Selic (% a.a.)
2023-11-16,12.25,432,Taxa Selic (% a.a.)
2023-11-17,12.25,432,Taxa Selic (% a.a.)
2023-11-18,12.25,432,Taxa Selic (% a.a.)
2023-11-19,12.25,432,Taxa Selic (% a.a.)
2023-11-20,12.25,432,Taxa Selic (% a.a.)
2023-11-21,12.25,432,Taxa Selic (% a.a.)
2023-11-22,12.25,432,Taxa Selic (% a.a.)
2023-11-23,12.25,432,Taxa Selic (% a.a.)
2023-11-24,12.25,432,Taxa Selic (% a.a.)
2023-11-25,12.25,432,Taxa Selic (% a.a.)
2023-11-26,12.25,432,Taxa Selic (% a.a.)
2023-11-27,12.25,432,Taxa Selic (% a.a.)
2023-11-28,12.25,432,Taxa Selic (% a.a.)
2023-11-29,12.25,432,Taxa Selic (% a.a.)
2023-11-30,12.25,432,Taxa Selic (% a.a.)
2023-12-01,12.25,432,Taxa Selic (% a.a.)
2023-12-02,12.25,432,Taxa Selic (% a.a.)
2023-12-03,12.25,432,Taxa Selic (% a.a.)
2023-12-04,12.25,432,Taxa Selic (% a.a.)
2023-12-05,12.25,432,Taxa Selic (% a.a.)
2023-12-06,12.25,432,Taxa Selic (% a.a.)
2023-12-07,12.25,432,Taxa Selic (% a.a.)
2023-12-08,12.25,432,Taxa Selic (% a.a.)
2023-12-09,12.25,432,Taxa Selic (% a.a.)
2023-12-10,12.25,432,Taxa Selic (% a.a.)
2023-12-11,12.25,432,Taxa Selic (% a.a.)
2023-12-12,12.25,432,Taxa Selic (% a.a.)
2023-12-13,12.25,432,Taxa Selic (% a.a.)
2023-12-14,11.75,432,Taxa Selic (% a.a.)
2023-12-15,11.75,432,Taxa Selic (% a.a.)
2023-12-16,11.75,432,Taxa Selic (% a.a.)
2023-12-17,11.75,432,Taxa Selic (% a.a.)
2023-12-18,11.75,432,Taxa Selic (% a.a.)
2023-12-19,11.75,432,Taxa Selic (% a.a.)
2023-12-20,11.75,432,Taxa Selic (% a.a.)
2023-12-21,11.75,432,Taxa Selic (% a.a.)
2023-12-22,11.75,432,Taxa Selic (% a.a.)
2023-12-23,11.75,432,Taxa Selic (% a.a.)
2023-12-24,11.75,432,Taxa Selic (% a.a.)
2023-12-25,11.75,432,Taxa Selic (% a.a.)
2023-12-26,11.75,432,Taxa Selic (% a.a.)
2023-12-27,11.75,432,Taxa Selic (% a.a.)
2023-12-28,11.75,432,Taxa Selic (% a.a.)
2023-12-29,11.75,432,Taxa Selic (% a.a.)
2023-12-30,11.75,432,Taxa Selic (% a.a.)
2023-12-31,11.75,432,Taxa Selic (% a.a.)
2024-01-01,11.75,432,Taxa Selic (% a.a.)
2024-01-02,11.75,432,Taxa Selic (% a.a.)
2024-01-03,11.75,432,Taxa Selic (% a.a.)
2024-01-04,11.75,432,Taxa Selic (% a.a.)
2024-01-05,11.75,432,Taxa Selic (% a.a.)
2024-01-06,11.75,432,Taxa Selic (% a.a.)
2024-01-07,11.75,432,Taxa Selic (% a.a.)
2024-01-08,11.75,432,Taxa Selic (% a.a.)
2024-01-09,11.75,432,Taxa Selic (% a.a.)
2024-01-10,11.75,432,Taxa Selic (% a.a.)
2024-01-11,11.75,432,Taxa Selic (% a.a.)
2024-01-12,11.75,432,Taxa Selic (% a.a.)
2024-01-13,11.75,432,Taxa Selic (% a.a.)
2024-01-14,11.75,432,Taxa Selic (% a.a.)
2024-01-15,11.75,432,Taxa Selic (% a.a.)
2024-01-16,11.75,432,Taxa Selic (% a.a.)
2024-01-17,11.75,432,Taxa Selic (% a.a.)
2024-01-18,11.75,432,Taxa Selic (% a.a.)
2024-01-19,11.75,432,Taxa Selic (% a.a.)
2024-01-20,11.75,432,Taxa Selic (% a.a.)
2024-01-21,11.75,432,Taxa Selic (% a.a.)
2024-01-22,11.75,432,Taxa Selic (% a.a.)
2024-01-23,11.75,432,Taxa Selic (% a.a.)
2024-01-24,11.75,432,Taxa Selic (% a.a.)
2024-01-25,11.75,432,Taxa Selic (% a.a.)
2024-01-26,11.75,432,Taxa Selic (% a.a.)
2024-01-27,11.75,432,Taxa Selic (% a.a.)
2024-01-28,11.75,432,Taxa Selic (% a.a.)
2024-01-29,11.75,432,Taxa Selic (% a.a.)
2024-01-30,11.75,432,Taxa Selic (% a.a.)
2024-01-31,11.75,432,Taxa Selic (% a.a.)
2024-02-01,11.25,432,Taxa Selic (% a.a.)
2024-02-02,11.25,432,Taxa Selic (% a.a.)
2024-02-03,11.25,432,Taxa Selic (% a.a.)
2024-02-04,11.25,432,Taxa Selic (% a.a.)
2024-02-05,11.25,432,Taxa Selic (% a.a.)
2024-02-06,11.25,432,Taxa Selic (% a.a.)
2024-02-07,11.25,432,Taxa Selic (% a.a.)
2024-02-08,11.25,432,Taxa Selic (% a.a.)
2024-02-09,11.25,432,Taxa Selic (% a.a.)
2024-02-10,11.25,432,Taxa Selic (% a.a.)
2024-02-11,11.25,432,Taxa Selic (% a.a.)
2024-02-12,11.25,432,Taxa Selic (% a.a.)
2024-02-13,11.25,432,Taxa Selic (% a.a.)
2024-02-14,11.25,432,Taxa Selic (% a.a.)
2024-02-15,11.25,432,Taxa Selic (% a.a.)
2024-02-16,11.25,432,Taxa Selic (% a.a.)
2024-02-17,11.25,432,Taxa Selic (% a.a.)
2024-02-18,11.25,432,Taxa Selic (% a.a.)
2024-02-19,11.25,432,Taxa Selic (% a.a.)
2024-02-20,11.25,432,Taxa Selic (% a.a.)
2024-02-21,11.25,432,Taxa Selic (% a.a.)
2024-02-22,11.25,432,Taxa Selic (% a.a.)
2024-02-23,11.25,432,Taxa Selic (% a.a.)
2024-02-24,11.25,432,Taxa Selic (% a.a.)
2024-02-25,11.25,432,Taxa Selic (% a.a.)
2024-02-26,11.25,432,Taxa Selic (% a.a.)
2024-02-27,11.25,432,Taxa Selic (% a.a.)
2024-02-28,11.25,432,Taxa Selic (% a.a.)
2024-02-29,11.25,432,Taxa Selic (% a.a.)
2024-03-01,11.25,432,Taxa Selic (% a.a.)
2024-03-02,11.25,432,Taxa Selic (% a.a.)
2024-03-03,11.25,432,Taxa Selic (% a.a.)
2024-03-04,11.25,432,Taxa Selic (% a.a.)
2024-03-05,11.25,432,Taxa Selic (% a.a.)
2024-03-06,11.25,432,Taxa Selic (% a.a.)
2024-03-07,11.25,432,Taxa Selic (% a.a.)
2024-03-08,11.25,432,Taxa Selic (% a.a.)
2024-03-09,11.25,432,Taxa Selic (% a.a.)
2024-03-10,11.25,432,Taxa Selic (% a.a.)
2024-03-11,11.25,432,Taxa Selic (% a.a.)
2024-03-12,11.25,432,Taxa Selic (% a.a.)
2024-03-13,11.25,432,Taxa Selic (% a.a.)
2024-03-14,11.25,432,Taxa Selic (% a.a.)
2024-03-15,11.25,432,Taxa Selic (% a.a.)
2024-03-16,11.25,432,Taxa Selic (% a.a.)
2024-03-17,11.25,432,Taxa Selic (% a.a.)
2024-03-18,11.25,432,Taxa Selic (% a.a.)
2024-03-19,11.25,432,Taxa Selic (% a.a.)
2024-03-20,11.25,432,Taxa Selic (% a.a.)
2024-03-21,10.75,432,Taxa Selic (% a.a.)
2024-03-22,10.75,432,Taxa Selic (% a.a.)
2024-03-23,10.75,432,Taxa Selic (% a.a.)
2024-03-24,10.75,432,Taxa Selic (% a.a.)
2024-03-25,10.75,432,Taxa Selic (% a.a.)
2024-03-26,10.75,432,Taxa Selic (% a.a.)
2024-03-27,10.75,432,Taxa Selic (% a.a.)
2024-03-28,10.75,432,Taxa Selic (% a.a.)
2024-03-29,10.75,432,Taxa Selic (% a.a.)
2024-03-30,10.75,432,Taxa Selic (% a.a.)
2024-03-31,10.75,432,Taxa Selic (% a.a.)
2024-04-01,10.75,432,Taxa Selic (% a.a.)
2024-04-02,10.75,432,Taxa Selic (% a.a.)
2024-04-03,10.75,432,Taxa Selic (% a.a.)
2024-04-04,10.75,432,Taxa Selic (% a.a.)
2024-04-05,10.75,432,Taxa Selic (% a.a.)
2024-04-06,10.75,432,Taxa Selic (% a.a.)
2024-04-07,10.75,432,Taxa Selic (% a.a.)
2024-04-08,10.75,432,Taxa Selic (% a.a.)
2024-04-09,10.75,432,Taxa Selic (% a.a.)
2024-04-10,10.75,432,Taxa Selic (% a.a.)
2024-04-11,10.75,432,Taxa Selic (% a.a.)
2024-04-12,10.75,432,Taxa Selic (% a.a.)
2024-04-13,10.75,432,Taxa Selic (% a.a.)
2024-04-14,10.75,432,Taxa Selic (% a.a.)
2024-04-15,10.75,432,Taxa Selic (% a.a.)
2024-04-16,10.75,432,Taxa Selic (% a.a.)
2024-04-17,10.75,432,Taxa Selic (% a.a.)
2024-04-18,10.75,432,Taxa Selic (% a.a.)
2024-04-19,10.75,432,Taxa Selic (% a.a.)
2024-04-20,10.75,432,Taxa Selic (% a.a.)
2024-04-21,10.75,432,Taxa Selic (% a.a.)
2024-04-22,10.75,432,Taxa Selic (% a.a.)
2024-04-23,10.75,432,Taxa Selic (% a.a.)
2024-04-24,10.75,432,Taxa Selic (% a.a.)
2024-04-25,10.75,432,Taxa Selic (% a.a.)
2024-04-26,10.75,432,Taxa Selic (% a.a.)
2024-04-27,10.75,432,Taxa Selic (% a.a.)
2024-04-28,10.75,432,Taxa Selic (% a.a.)
2024-04-29,10.75,432,Taxa Selic (% a.a.)
2024-04-30,10.75,432,Taxa Selic (% a.a.)
2024-05-01,10.75,432,Taxa Selic (% a.a.)
2024-05-02,10.75,432,Taxa Selic (% a.a.)
2024-05-03,10.75,432,Taxa Selic (% a.a.)
2024-05-04,10.75,432,Taxa Selic (% a.a.)
2024-05-05,10.75,432,Taxa Selic (% a.a.)
2024-05-06,10.75,432,Taxa Selic (% a.a.)
2024-05-07,10.75,432,Taxa Selic (% a.a.)
2024-05-08,10.75,432,Taxa Selic (% a.a.)
2024-05-09,10.5,432,Taxa Selic (% a.a.)
2024-05-10,10.5,432,Taxa Selic (% a.a.)
2024-05-11,10.5,432,Taxa Selic (% a.a.)
2024-05-12,10.5,432,Taxa Selic (% a.a.)
2024-05-13,10.5,432,Taxa Selic (% a.a.)
2024-05-14,10.5,432,Taxa Selic (% a.a.)
2024-05-15,10.5,432,Taxa Selic (% a.a.)
2024-05-16,10.5,432,Taxa Selic (% a.a.)
2024-05-17,10.5,432,Taxa Selic (% a.a.)
2024-05-18,10.5,432,Taxa Selic (% a.a.)
2024-05-19,10.5,432,Taxa Selic (% a.a.)
2024-05-20,10.5,432,Taxa Selic (% a.a.)
2024-05-21,10.5,432,Taxa Selic (% a.a.)
2024-05-22,10.5,432,Taxa Selic (% a.a.)
2024-05-23,10.5,432,Taxa Selic (% a.a.)
2024-05-24,10.5,432,Taxa Selic (% a.a.)
2024-05-25,10.5,432,Taxa Selic (% a.a.)
2024-05-26,10.5,432,Taxa Selic (% a.a.)
2024-05-27,10.5,432,Taxa Selic (% a.a.)
2024-05-28,10.5,432,Taxa Selic (% a.a.)
2024-05-29,10.5,432,Taxa Selic (% a.a.)
2024-05-30,10.5,432,Taxa Selic (% a.a.)
2024-05-31,10.5,432,Taxa Selic (% a.a.)
2024-06-01,10.5,432,Taxa Selic (% a.a.)
2024-06-02,10.5,432,Taxa Selic (% a.a.)
2024-06-03,10.5,432,Taxa Selic (% a.a.)
2024-06-04,10.5,432,Taxa Selic (% a.a.)
2024-06-05,10.5,432,Taxa Selic (% a.a.)
2024-06-06,10.5,432,Taxa Selic (% a.a.)
2024-06-07,10.5,432,Taxa Selic (% a.a.)
2024-06-08,10.5,432,Taxa Selic (% a.a.)
2024-06-09,10.5,432,Taxa Selic (% a.a.)
2024-06-10,10.5,432,Taxa Selic (% a.a.)
2024-06-11,10.5,432,Taxa Selic (% a.a.)
2024-06-12,10.5,432,Taxa Selic (% a.a.)
2024-06-13,10.5,432,Taxa Selic (% a.a.)
2024-06-14,10.5,432,Taxa Selic (% a.a.)
2024-06-15,10.5,432,Taxa Selic (% a.a.)
2024-06-16,10.5,432,Taxa Selic (% a.a.)
2024-06-17,10.5,432,Taxa Selic (% a.a.)
2024-06-18,10.5,432,Taxa Selic (% a.a.)
2024-06-19,10.5,432,Taxa Selic (% a.a.)
2024-06-20,10.5,432,Taxa Selic (% a.a.)
2024-06-21,10.5,432,Taxa Selic (% a.a.)
2024-06-22,10.5,432,Taxa Selic (% a.a.)
2024-06-23,10.5,432,Taxa Selic (% a.a.)
2024-06-24,10.5,432,Taxa Selic (% a.a.)
2024-06-25,10.5,432,Taxa Selic (% a.a.)
2024-06-26,10.5,432,Taxa Selic (% a.a.)
2024-06-27,10.5,432,Taxa Selic (% a.a.)
2024-06-28,10.5,432,Taxa Selic (% a.a.)
2024-06-29,10.5,432,Taxa Selic (% a.a.)
2024-06-30,10.5,432,Taxa Selic (% a.a.)
2024-07-01,10.5,432,Taxa Selic (% a.a.)
2024-07-02,10.5,432,Taxa Selic (% a.a.)
2024-07-03,10.5,432,Taxa Selic (% a.a.)
2024-07-04,10.5,432,Taxa Selic (% a.a.)
2024-07-05,10.5,432,Taxa Selic (% a.a.)
2024-07-06,10.5,432,Taxa Selic (% a.a.)
2024-07-07,10.5,432,Taxa Selic (% a.a.)
2024-07-08,10.5,432,Taxa Selic (% a.a.)
2024-07-09,10.5,432,Taxa Selic (% a.a.)
2024-07-10,10.5,432,Taxa Selic (% a.a.)
2024-07-11,10.5,432,Taxa Selic (% a.a.)
2024-07-12,10.5,432,Taxa Selic (% a.a.)
2024-07-13,10.5,432,Taxa Selic (% a.a.)
2024-07-14,10.5,432,Taxa Selic (% a.a.)
2024-07-15,10.5,432,Taxa Selic (% a.a.)
2024-07-16,10.5,432,Taxa Selic (% a.a.)
2024-07-17,10.5,432,Taxa Selic (% a.a.)
2024-07-18,10.5,432,Taxa Selic (% a.a.)
2024-07-19,10.5,432,Taxa Selic (% a.a.)
2024-07-20,10.5,432,Taxa Selic (% a.a.)
2024-07-21,10.5,432,Taxa Selic (% a.a.)
2024-07-22,10.5,432,Taxa Selic (% a.a.)
2024-07-23,10.5,432,Taxa Selic (% a.a.)
2024-07-24,10.5,432,Taxa Selic (% a.a.)
2024-07-25,10.5,432,Taxa Selic (% a.a.)
2024-07-26,10.5,432,Taxa Selic (% a.a.)
2024-07-27,10.5,432,Taxa Selic (% a.a.)
2024-07-28,10.5,432,Taxa Selic (% a.a.)
2024-07-29,10.5,432,Taxa Selic (% a.a.)
2024-07-30,10.5,432,Taxa Selic (% a.a.)
2024-07-31,10.5,432,Taxa Selic (% a.a.)
2024-08-01,10.5,432,Taxa Selic (% a.a.)
2024-08-02,10.5,432,Taxa Selic (% a.a.)
2024-08-03,10.5,432,Taxa Selic (% a.a.)
2024-08-04,10.5,432,Taxa Selic (% a.a.)
2024-08-05,10.5,432,Taxa Selic (% a.a.)
2024-08-06,10.5,432,Taxa Selic (% a.a.)
2024-08-07,10.5,432,Taxa Selic (% a.a.)
2024-08-08,10.5,432,Taxa Selic (% a.a.)
2024-08-09,10.5,432,Taxa Selic (% a.a.)
2024-08-10,10.5,432,Taxa Selic (% a.a.)
2024-08-11,10.5,432,Taxa Selic (% a.a.)
2024-08-12,10.5,432,Taxa Selic (% a.a.)
2024-08-13,10.5,432,Taxa Selic (% a.a.)
2024-08-14,10.5,432,Taxa Selic (% a.a.)
2024-08-15,10.5,432,Taxa Selic (% a.a.)
2024-08-16,10.5,432,Taxa Selic (% a.a.)
2024-08-17,10.5,432,Taxa Selic (% a.a.)
2024-08-18,10.5,432,Taxa Selic (% a.a.)
2024-08-19,10.5,432,Taxa Selic (% a.a.)
2024-08-20,10.5,432,Taxa Selic (% a.a.)
2024-08-21,10.5,432,Taxa Selic (% a.a.)
2024-08-22,10.5,432,Taxa Selic (% a.a.)
2024-08-23,10.5,432,Taxa Selic (% a.a.)
2024-08-24,10.5,432,Taxa Selic (% a.a.)
2024-08-25,10.5,432,Taxa Selic (% a.a.)
2024-08-26,10.5,432,Taxa Selic (% a.a.)
2024-08-27,10.5,432,Taxa Selic (% a.a.)
2024-08-28,10.5,432,Taxa Selic (% a.a.)
2024-08-29,10.5,432,Taxa Selic (% a.a.)
2024-08-30,10.5,432,Taxa Selic (% a.a.)
2024-08-31,10.5,432,Taxa Selic (% a.a.)
2024-09-01,10.5,432,Taxa Selic (% a.a.)
2024-09-02,10.5,432,Taxa Selic (% a.a.)
2024-09-03,10.5,432,Taxa Selic (% a.a.)
2024-09-04,10.5,432,Taxa Selic (% a.a.)
2024-09-05,10.5,432,Taxa Selic (% a.a.)
2024-09-06,10.5,432,Taxa Selic (% a.a.)
2024-09-07,10.5,432,Taxa Selic (% a.a.)
2024-09-08,10.5,432,Taxa Selic (% a.a.)
2024-09-09,10.5,432,Taxa Selic (% a.a.)
2024-09-10,10.5,432,Taxa Selic (% a.a.)
2024-09-11,10.5,432,Taxa Selic (% a.a.)
2024-09-12,10.5,432,Taxa Selic (% a.a.)
2024-09-13,10.5,432,Taxa Selic (% a.a.)
2024-09-14,10.5,432,Taxa Selic (% a.a.)
2024-09-15,10.5,432,Taxa Selic (% a.a.)
2024-09-16,10.5,432,Taxa Selic (% a.a.)
2024-09-17,10.5,432,Taxa Selic (% a.a.)
2024-09-18,10.5,432,Taxa Selic (% a.a.)
2024-09-19,10.75,432,Taxa Selic (% a.a.)
2024-09-20,10.75,432,Taxa Selic (% a.a.)
2024-09-21,10.75,432,Taxa Selic (% a.a.)
2024-09-22,10.75,432,Taxa Selic (% a.a.)
2024-09-23,10.75,432,Taxa Selic (% a.a.)
2024-09-24,10.75,432,Taxa Selic (% a.a.)
2024-09-25,10.75,432,Taxa Selic (% a.a.)
2024-09-26,10.75,432,Taxa Selic (% a.a.)
2024-09-27,10.75,432,Taxa Selic (% a.a.)
2024-09-28,10.75,432,Taxa Selic (% a.a.)
2024-09-29,10.75,432,Taxa Selic (% a.a.)
2024-09-30,10.75,432,Taxa Selic (% a.a.)
2024-10-01,10.75,432,Taxa Selic (% a.a.)
2024-10-02,10.75,432,Taxa Selic (% a.a.)
2024-10-03,10.75,432,Taxa Selic (% a.a.)
2024-10-04,10.75,432,Taxa Selic (% a.a.)
2024-10-05,10.75,432,Taxa Selic (% a.a.)
2024-10-06,10.75,432,Taxa Selic (% a.a.)
2024-10-07,10.75,432,Taxa Selic (% a.a.)
2024-10-08,10.75,432,Taxa Selic (% a.a.)
2024-10-09,10.75,432,Taxa Selic (% a.a.)
2024-10-10,10.75,432,Taxa Selic (% a.a.)
2024-10-11,10.75,432,Taxa Selic (% a.a.)
2024-10-12,10.75,432,Taxa Selic (% a.a.)
2024-10-13,10.75,432,Taxa Selic (% a.a.)
2024-10-14,10.75,432,Taxa Selic (% a.a.)
2024-10-15,10.75,432,Taxa Selic (% a.a.)
2024-10-16,10.75,432,Taxa Selic (% a.a.)
2024-10-17,10.75,432,Taxa Selic (% a.a.)
2024-10-18,10.75,432,Taxa Selic (% a.a.)
2024-10-19,10.75,432,Taxa Selic (% a.a.)
2024-10-20,10.75,432,Taxa Selic (% a.a.)
2024-10-21,10.75,432,Taxa Selic (% a.a.)
2024-10-22,10.75,432,Taxa Selic (% a.a.)
2024-10-23,10.75,432,Taxa Selic (% a.a.)
2024-10-24,10.75,432,Taxa Selic (% a.a.)
2024-10-25,10.75,432,Taxa Selic (% a.a.)
2024-10-26,10.75,432,Taxa Selic (% a.a.)
2024-10-27,10.75,432,Taxa Selic (% a.a.)
2024-10-28,10.75,432,Taxa Selic (% a.a.)
2024-10-29,10.75,432,Taxa Selic (% a.a.)
2024-10-30,10.75,432,Taxa Selic (% a.a.)
2024-10-31,10.75,432,Taxa Selic (% a.a.)
2024-11-01,10.75,432,Taxa Selic (% a.a.)
2024-11-02,10.75,432,Taxa Selic (% a.a.)
2024-11-03,10.75,432,Taxa Selic (% a.a.)
2024-11-04,10.75,432,Taxa Selic (% a.a.)
2024-11-05,10.75,432,Taxa Selic (% a.a.)
2024-11-06,10.75,432,Taxa Selic (% a.a.)
2024-11-07,11.25,432,Taxa Selic (% a.a.)
2024-11-08,11.25,432,Taxa Selic (% a.a.)
2024-11-09,11.25,432,Taxa Selic (% a.a.)
2024-11-10,11.25,432,Taxa Selic (% a.a.)
2024-11-11,11.25,432,Taxa Selic (% a.a.)
2024-11-12,11.25,432,Taxa Selic (% a.a.)
2024-11-13,11.25,432,Taxa Selic (% a.a.)
2024-11-14,11.25,432,Taxa Selic (% a.a.)
2024-11-15,11.25,432,Taxa Selic (% a.a.)
2024-11-16,11.25,432,Taxa Selic (% a.a.)
2024-11-17,11.25,432,Taxa Selic (% a.a.)
2024-11-18,11.25,432,Taxa Selic (% a.a.)
2024-11-19,11.25,432,Taxa Selic (% a.a.)
2024-11-20,11.25,432,Taxa Selic (% a.a.)
2024-11-21,11.25,432,Taxa Selic (% a.a.)
2024-11-22,11.25,432,Taxa Selic (% a.a.)
2024-11-23,11.25,432,Taxa Selic (% a.a.)
2024-11-24,11.25,432,Taxa Selic (% a.a.)
2024-11-25,11.25,432,Taxa Selic (% a.a.)
2024-11-26,11.25,432,Taxa Selic (% a.a.)
2024-11-27,11.25,432,Taxa Selic (% a.a.)
2024-11-28,11.25,432,Taxa Selic (% a.a.)
2024-11-29,11.25,432,Taxa Selic (% a.a.)
2024-11-30,11.25,432,Taxa Selic (% a.a.)
2024-12-01,11.25,432,Taxa Selic (% a.a.)
2024-12-02,11.25,432,Taxa Selic (% a.a.)
2024-12-03,11.25,432,Taxa Selic (% a.a.)
2024-12-04,11.25,432,Taxa Selic (% a.a.)
2024-12-05,11.25,432,Taxa Selic (% a.a.)
2024-12-06,11.25,432,Taxa Selic (% a.a.)
2024-12-07,11.25,432,Taxa Selic (% a.a.)
2024-12-08,11.25,432,Taxa Selic (% a.a.)
2024-12-09,11.25,432,Taxa Selic (% a.a.)
2024-12-10,11.25,432,Taxa Selic (% a.a.)
2024-12-11,11.25,432,Taxa Selic (% a.a.)
2024-12-12,12.25,432,Taxa Selic (% a.a.)
2024-12-13,12.25,432,Taxa Selic (% a.a.)
2024-12-14,12.25,432,Taxa Selic (% a.a.)
2024-12-15,12.25,432,Taxa Selic (% a.a.)
2024-12-16,12.25,432,Taxa Selic (% a.a.)
2024-12-17,12.25,432,Taxa Selic (% a.a.)
2024-12-18,12.25,432,Taxa Selic (% a.a.)
2024-12-19,12.25,432,Taxa Selic (% a.a.)
2024-12-20,12.25,432,Taxa Selic (% a.a.)
2024-12-21,12.25,432,Taxa Selic (% a.a.)
2024-12-22,12.25,432,Taxa Selic (% a.a.)
2024-12-23,12.25,432,Taxa Selic (% a.a.)
2024-12-24,12.25,432,Taxa Selic (% a.a.)
2024-12-25,12.25,432,Taxa Selic (% a.a.)
2024-12-26,12.25,432,Taxa Selic (% a.a.)
2024-12-27,12.25,432,Taxa Selic (% a.a.)
2024-12-28,12.25,432,Taxa Selic (% a.a.)
2024-12-29,12.25,432,Taxa Selic (% a.a.)
2024-12-30,12.25,432,Taxa Selic (% a.a.)
2024-12-31,12.25,432,Taxa Selic (% a.a.)
2025-01-01,12.25,432,Taxa Selic (% a.a.)
2025-01-02,12.25,432,Taxa Selic (% a.a.)
2025-01-03,12.25,432,Taxa Selic (% a.a.)
2025-01-04,12.25,432,Taxa Selic (% a.a.)
2025-01-05,12.25,432,Taxa Selic (% a.a.)
2025-01-06,12.25,432,Taxa Selic (% a.a.)
2025-01-07,12.25,432,Taxa Selic (% a.a.)
2025-01-08,12.25,432,Taxa Selic (% a.a.)
2025-01-09,12.25,432,Taxa Selic (% a.a.)
2025-01-10,12.25,432,Taxa Selic (% a.a.)
2025-01-11,12.25,432,Taxa Selic (% a.a.)
2025-01-12,12.25,432,Taxa Selic (% a.a.)
2025-01-13,12.25,432,Taxa Selic (% a.a.)
2025-01-14,12.25,432,Taxa Selic (% a.a.)
2025-01-15,12.25,432,Taxa Selic (% a.a.)
2025-01-16,12.25,432,Taxa Selic (% a.a.)
2025-01-17,12.25,432,Taxa Selic (% a.a.)
2025-01-18,12.25,432,Taxa Selic (% a.a.)
2025-01-19,12.25,432,Taxa Selic (% a.a.)
2025-01-20,12.25,432,Taxa Selic (% a.a.)
2025-01-21,12.25,432,Taxa Selic (% a.a.)
2025-01-22,12.25,432,Taxa Selic (% a.a.)
2025-01-23,12.25,432,Taxa Selic (% a.a.)
2025-01-24,12.25,432,Taxa Selic (% a.a.)
2025-01-25,12.25,432,Taxa Selic (% a.a.)
2025-01-26,12.25,432,Taxa Selic (% a.a.)
2025-01-27,12.25,432,Taxa Selic (% a.a.)
2025-01-28,12.25,432,Taxa Selic (% a.a.)
2025-01-29,12.25,432,Taxa Selic (% a.a.)
2025-01-30,13.25,432,Taxa Selic (% a.a.)
2025-01-31,13.25,432,Taxa Selic (% a.a.)
2025-02-01,13.25,432,Taxa Selic (% a.a.)
2025-02-02,13.25,432,Taxa Selic (% a.a.)
2025-02-03,13.25,432,Taxa Selic (% a.a.)
2025-02-04,13.25,432,Taxa Selic (% a.a.)
2025-02-05,13.25,432,Taxa Selic (% a.a.)
2025-02-06,13.25,432,Taxa Selic (% a.a.)
2025-02-07,13.25,432,Taxa Selic (% a.a.)
2025-02-08,13.25,432,Taxa Selic (% a.a.)
2025-02-09,13.25,432,Taxa Selic (% a.a.)
2025-02-10,13.25,432,Taxa Selic (% a.a.)
2025-02-11,13.25,432,Taxa Selic (% a.a.)
2025-02-12,13.25,432,Taxa Selic (% a.a.)
2025-02-13,13.25,432,Taxa Selic (% a.a.)
2025-02-14,13.25,432,Taxa Selic (% a.a.)
2025-02-15,13.25,432,Taxa Selic (% a.a.)
2025-02-16,13.25,432,Taxa Selic (% a.a.)
2025-02-17,13.25,432,Taxa Selic (% a.a.)
2025-02-18,13.25,432,Taxa Selic (% a.a.)
2025-02-19,13.25,432,Taxa Selic (% a.a.)
2025-02-20,13.25,432,Taxa Selic (% a.a.)
2025-02-21,13.25,432,Taxa Selic (% a.a.)
2025-02-22,13.25,432,Taxa Selic (% a.a.)
2025-02-23,13.25,432,Taxa Selic (% a.a.)
2025-02-24,13.25,432,Taxa Selic (% a.a.)
2025-02-25,13.25,432,Taxa Selic (% a.a.)
2025-02-26,13.25,432,Taxa Selic (% a.a.)
2025-02-27,13.25,432,Taxa Selic (% a.a.)
2025-02-28,13.25,432,Taxa Selic (% a.a.)
2025-03-01,13.25,432,Taxa Selic (% a.a.)
2025-03-02,13.25,432,Taxa Selic (% a.a.)
2025-03-03,13.25,432,Taxa Selic (% a.a.)
2025-03-04,13.25,432,Taxa Selic (% a.a.)
2025-03-05,13.25,432,Taxa Selic (% a.a.)
2025-03-06,13.25,432,Taxa Selic (% a.a.)
2025-03-07,13.25,432,Taxa Selic (% a.a.)
2025-03-08,13.25,432,Taxa Selic (% a.a.)
2025-03-09,13.25,432,Taxa Selic (% a.a.)
2025-03-10,13.25,432,Taxa Selic (% a.a.)
2025-03-11,13.25,432,Taxa Selic (% a.a.)
2025-03-12,13.25,432,Taxa Selic (% a.a.)
2025-03-13,13.25,432,Taxa Selic (% a.a.)
2025-03-14,13.25,432,Taxa Selic (% a.a.)
2025-03-15,13.25,432,Taxa Selic (% a.a.)
2025-03-16,13.25,432,Taxa Selic (% a.a.)
2025-03-17,13.25,432,Taxa Selic (% a.a.)
2025-03-18,13.25,432,Taxa Selic (% a.a.)
2025-03-19,13.25,432,Taxa Selic (% a.a.)
2025-03-20,14.25,432,Taxa Selic (% a.a.)
2025-03-21,14.25,432,Taxa Selic (% a.a.)
2025-03-22,14.25,432,Taxa Selic (% a.a.)
2025-03-23,14.25,432,Taxa Selic (% a.a.)
2025-03-24,14.25,432,Taxa Selic (% a.a.)
2025-03-25,14.25,432,Taxa Selic (% a.a.)
2025-03-26,14.25,432,Taxa Selic (% a.a.)
2025-03-27,14.25,432,Taxa Selic (% a.a.)
2025-03-28,14.25,432,Taxa Selic (% a.a.)
2025-03-29,14.25,432,Taxa Selic (% a.a.)
2025-03-30,14.25,432,Taxa Selic (% a.a.)
2025-03-31,14.25,432,Taxa Selic (% a.a.)
2025-04-01,14.25,432,Taxa Selic (% a.a.)
2025-04-02,14.25,432,Taxa Selic (% a.a.)
2025-04-03,14.25,432,Taxa Selic (% a.a.)
2025-04-04,14.25,432,Taxa Selic (% a.a.)
2025-04-05,14.25,432,Taxa Selic (% a.a.)
2025-04-06,14.25,432,Taxa Selic (% a.a.)
2025-04-07,14.25,432,Taxa Selic (% a.a.)
2025-04-08,14.25,432,Taxa Selic (% a.a.)
2025-04-09,14.25,432,Taxa Selic (% a.a.)
2025-04-10,14.25,432,Taxa Selic (% a.a.)
2025-04-11,14.25,432,Taxa Selic (% a.a.)
2025-04-12,14.25,432,Taxa Selic (% a.a.)
2025-04-13,14.25,432,Taxa Selic (% a.a.)
2025-04-14,14.25,432,Taxa Selic (% a.a.)
2025-04-15,14.25,432,Taxa Selic (% a.a.)
2025-04-16,14.25,432,Taxa Selic (% a.a.)
2025-04-17,14.25,432,Taxa Selic (% a.a.)
2025-04-18,14.25,432,Taxa Selic (% a.a.)
2025-04-19,14.25,432,Taxa Selic (% a.a.)
2025-04-20,14.25,432,Taxa Selic (% a.a.)
2025-04-21,14.25,432,Taxa Selic (% a.a.)
2025-04-22,14.25,432,Taxa Selic (% a.a.)
2025-04-23,14.25,432,Taxa Selic (% a.a.)
2025-04-24,14.25,432,Taxa Selic (% a.a.)
2025-04-25,14.25,432,Taxa Selic (% a.a.)
2025-04-26,14.25,432,Taxa Selic (% a.a.)
2025-04-27,14.25,432,Taxa Selic (% a.a.)
2025-04-28,14.25,432,Taxa Selic (% a.a.)
2025-04-29,14.25,432,Taxa Selic (% a.a.)
2025-04-30,14.25,432,Taxa Selic (% a.a.)
2025-05-01,14.25,432,Taxa Selic (% a.a.)
2025-05-02,14.25,432,Taxa Selic (% a.a.)
2025-05-03,14.25,432,Taxa Selic (% a.a.)
2025-05-04,14.25,432,Taxa Selic (% a.a.)
2025-05-05,14.25,432,Taxa Selic (% a.a.)
2025-05-06,14.25,432,Taxa Selic (% a.a.)
2025-05-07,14.25,432,Taxa Selic (% a.a.)
2025-05-08,14.75,432,Taxa Selic (% a.a.)
2025-05-09,14.75,432,Taxa Selic (% a.a.)
2025-05-10,14.75,432,Taxa Selic (% a.a.)
2025-05-11,14.75,432,Taxa Selic (% a.a.)
2025-05-12,14.75,432,Taxa Selic (% a.a.)
2025-05-13,14.75,432,Taxa Selic (% a.a.)
2025-05-14,14.75,432,Taxa Selic (% a.a.)
2025-05-15,14.75,432,Taxa Selic (% a.a.)
2025-05-16,14.75,432,Taxa Selic (% a.a.)
2025-05-17,14.75,432,Taxa Selic (% a.a.)
2025-05-18,14.75,432,Taxa Selic (% a.a.)
2025-05-19,14.75,432,Taxa Selic (% a.a.)
2025-05-20,14.75,432,Taxa Selic (% a.a.)
2025-05-21,14.75,432,Taxa Selic (% a.a.)
2025-05-22,14.75,432,Taxa Selic (% a.a.)
2025-05-23,14.75,432,Taxa Selic (% a.a.)
2025-05-24,14.75,432,Taxa Selic (% a.a.)
2025-05-25,14.75,432,Taxa Selic (% a.a.)
2025-05-26,14.75,432,Taxa Selic (% a.a.)
2025-05-27,14.75,432,Taxa Selic (% a.a.)
2025-05-28,14.75,432,Taxa Selic (% a.a.)
2025-05-29,14.75,432,Taxa Selic (% a.a.)
2025-05-30,14.75,432,Taxa Selic (% a.a.)
2025-05-31,14.75,432,Taxa Selic (% a.a.)
2025-06-01,14.75,432,Taxa Selic (% a.a.)
2025-06-02,14.75,432,Taxa Selic (% a.a.)
2025-06-03,14.75,432,Taxa Selic (% a.a.)
2025-06-04,14.75,432,Taxa Selic (% a.a.)
2025-06-05,14.75,432,Taxa Selic (% a.a.)
2025-06-06,14.75,432,Taxa Selic (% a.a.)
2025-06-07,14.75,432,Taxa Selic (% a.a.)
2025-06-08,14.75,432,Taxa Selic (% a.a.)
2025-06-09,14.75,432,Taxa Selic (% a.a.)
2025-06-10,14.75,432,Taxa Selic (% a.a.)
2025-06-11,14.75,432,Taxa Selic (% a.a.)
2025-06-12,14.75,432,Taxa Selic (% a.a.)
2025-06-13,14.75,432,Taxa Selic (% a.a.)
2025-06-14,14.75,432,Taxa Selic (% a.a.)
2025-06-15,14.75,432,Taxa Selic (% a.a.)
2025-06-16,14.75,432,Taxa Selic (% a.a.)
2025-06-17,14.75,432,Taxa Selic (% a.a.)
2025-06-18,14.75,432,Taxa Selic (% a.a.)
2025-06-19,15.0,432,Taxa Selic (% a.a.)
2025-06-20,15.0,432,Taxa Selic (% a.a.)
2025-06-21,15.0,432,Taxa Selic (% a.a.)
2025-06-22,15.0,432,Taxa Selic (% a.a.)
2025-06-23,15.0,432,Taxa Selic (% a.a.)
2025-06-24,15.0,432,Taxa Selic (% a.a.)
2025-06-25,15.0,432,Taxa Selic (% a.a.)
2025-06-26,15.0,432,Taxa Selic (% a.a.)
2025-06-27,15.0,432,Taxa Selic (% a.a.)
2025-06-28,15.0,432,Taxa Selic (% a.a.)
2025-06-29,15.0,432,Taxa Selic (% a.a.)
2025-06-30,15.0,432,Taxa Selic (% a.a.)
2025-07-01,15.0,432,Taxa Selic (% a.a.)
2025-07-02,15.0,432,Taxa Selic (% a.a.)
2025-07-03,15.0,432,Taxa Selic (% a.a.)
2025-07-04,15.0,432,Taxa Selic (% a.a.)
2025-07-05,15.0,432,Taxa Selic (% a.a.)
2025-07-06,15.0,432,Taxa Selic (% a.a.)
2025-07-07,15.0,432,Taxa Selic (% a.a.)
2025-07-08,15.0,432,Taxa Selic (% a.a.)
2025-07-09,15.0,432,Taxa Selic (% a.a.)
2025-07-10,15.0,432,Taxa Selic (% a.a.)
2025-07-11,15.0,432,Taxa Selic (% a.a.)
2025-07-12,15.0,432,Taxa Selic (% a.a.)
2025-07-13,15.0,432,Taxa Selic (% a.a.)
2025-07-14,15.0,432,Taxa Selic (% a.a.)
2025-07-15,15.0,432,Taxa Selic (% a.a.)
2025-07-16,15.0,432,Taxa Selic (% a.a.)
2025-07-17,15.0,432,Taxa Selic (% a.a.)
2025-07-18,15.0,432,Taxa Selic (% a.a.)
2025-07-19,15.0,432,Taxa Selic (% a.a.)
2025-07-20,15.0,432,Taxa Selic (% a.a.)
2025-07-21,15.0,432,Taxa Selic (% a.a.)
2025-07-22,15.0,432,Taxa Selic (% a.a.)
2025-07-23,15.0,432,Taxa Selic (% a.a.)
2025-07-24,15.0,432,Taxa Selic (% a.a.)
2025-07-25,15.0,432,Taxa Selic (% a.a.)
2025-07-26,15.0,432,Taxa Selic (% a.a.)
2025-07-27,15.0,432,Taxa Selic (% a.a.)
2025-07-28,15.0,432,Taxa Selic (% a.a.)
2025-07-29,15.0,432,Taxa Selic (% a.a.)
2025-07-30,15.0,432,Taxa Selic (% a.a.)
2025-07-31,15.0,432,Taxa Selic (% a.a.)
2025-08-01,15.0,432,Taxa Selic (% a.a.)
2025-08-02,15.0,432,Taxa Selic (% a.a.)
2025-08-03,15.0,432,Taxa Selic (% a.a.)
2025-08-04,15.0,432,Taxa Selic (% a.a.)
2025-08-05,15.0,432,Taxa Selic (% a.a.)
2025-08-06,15.0,432,Taxa Selic (% a.a.)
2025-08-07,15.0,432,Taxa Selic (% a.a.)
2025-08-08,15.0,432,Taxa Selic (% a.a.)
2025-08-09,15.0,432,Taxa Selic (% a.a.)
2025-08-10,15.0,432,Taxa Selic (% a.a.)
2025-08-11,15.0,432,Taxa Selic (% a.a.)
2025-08-12,15.0,432,Taxa Selic (% a.a.)
2025-08-13,15.0,432,Taxa Selic (% a.a.)
2025-08-14,15.0,432,Taxa Selic (% a.a.)
2025-08-15,15.0,432,Taxa Selic (% a.a.)
2025-08-16,15.0,432,Taxa Selic (% a.a.)
2025-08-17,15.0,432,Taxa Selic (% a.a.)
2025-08-18,15.0,432,Taxa Selic (% a.a.)
2025-08-19,15.0,432,Taxa Selic (% a.a.)
2025-08-20,15.0,432,Taxa Selic (% a.a.)
2025-08-21,15.0,432,Taxa Selic (% a.a.)
2025-08-22,15.0,432,Taxa Selic (% a.a.)
2025-08-23,15.0,432,Taxa Selic (% a.a.)
2025-08-24,15.0,432,Taxa Selic (% a.a.)
2025-08-25,15.0,432,Taxa Selic (% a.a.)
2025-08-26,15.0,432,Taxa Selic (% a.a.)
2025-08-27,15.0,432,Taxa Selic (% a.a.)
2025-08-28,15.0,432,Taxa Selic (% a.a.)
2025-08-29,15.0,432,Taxa Selic (% a.a.)
2025-08-30,15.0,432,Taxa Selic (% a.a.)
2025-08-31,15.0,432,Taxa Selic (% a.a.)
2025-09-01,15.0,432,Taxa Selic (% a.a.)
2025-09-02,15.0,432,Taxa Selic (% a.a.)
2025-09-03,15.0,432,Taxa Selic (% a.a.)
2025-09-04,15.0,432,Taxa Selic (% a.a.)
2025-09-05,15.0,432,Taxa Selic (% a.a.)
2025-09-06,15.0,432,Taxa Selic (% a.a.)
2025-09-07,15.0,432,Taxa Selic (% a.a.)
2025-09-08,15.0,432,Taxa Selic (% a.a.)
2025-09-09,15.0,432,Taxa Selic (% a.a.)
2025-09-10,15.0,432,Taxa Selic (% a.a.)
2025-09-11,15.0,432,Taxa Selic (% a.a.)
2025-09-12,15.0,432,Taxa Selic (% a.a.)
2025-09-13,15.0,432,Taxa Selic (% a.a.)
2025-09-14,15.0,432,Taxa Selic (% a.a.)
2025-09-15,15.0,432,Taxa Selic (% a.a.)
2025-09-16,15.0,432,Taxa Selic (% a.a.)
2025-09-17,15.0,432,Taxa Selic (% a.a.)
2025-09-18,15.0,432,Taxa Selic (% a.a.)
2025-09-19,15.0,432,Taxa Selic (% a.a.)
2025-09-20,15.0,432,Taxa Selic (% a.a.)
2025-09-21,15.0,432,Taxa Selic (% a.a.)
2025-09-22,15.0,432,Taxa Selic (% a.a.)
2025-09-23,15.0,432,Taxa Selic (% a.a.)
2025-09-24,15.0,432,Taxa Selic (% a.a.)
2025-09-25,15.0,432,Taxa Selic (% a.a.)
2025-09-26,15.0,432,Taxa Selic (% a.a.)
2025-09-27,15.0,432,Taxa Selic (% a.a.)
2025-09-28,15.0,432,Taxa Selic (% a.a.)
2025-09-29,15.0,432,Taxa Selic (% a.a.)
2025-09-30,15.0,432,Taxa Selic (% a.a.)
2025-10-01,15.0,432,Taxa Selic (% a.a.)
2025-10-02,15.0,432,Taxa Selic (% a.a.)
2025-10-03,15.0,432,Taxa Selic (% a.a.)
2025-10-04,15.0,432,Taxa Selic (% a.a.)
2025-10-05,15.0,432,Taxa Selic (% a.a.)
2025-10-06,15.0,432,Taxa Selic (% a.a.)
2025-10-07,15.0,432,Taxa Selic (% a.a.)
2025-10-08,15.0,432,Taxa Selic (% a.a.)
2025-10-09,15.0,432,Taxa Selic (% a.a.)
2025-10-10,15.0,432,Taxa Selic (% a.a.)
2025-10-11,15.0,432,Taxa Selic (% a.a.)
2025-10-12,15.0,432,Taxa Selic (% a.a.)
2025-10-13,15.0,432,Taxa Selic (% a.a.)
2025-10-14,15.0,432,Taxa Selic (% a.a.)
2025-10-15,15.0,432,Taxa Selic (% a.a.)
2025-10-16,15.0,432,Taxa Selic (% a.a.)
2025-10-17,15.0,432,Taxa Selic (% a.a.)
2025-10-18,15.0,432,Taxa Selic (% a.a.)
2025-10-19,15.0,432,Taxa Selic (% a.a.)
2025-10-20,15.0,432,Taxa Selic (% a.a.)
2025-10-21,15.0,432,Taxa Selic (% a.a.)
2025-10-22,15.0,432,Taxa Selic (% a.a.)
2025-10-23,15.0,432,Taxa Selic (% a.a.)
2025-10-24,15.0,432,Taxa Selic (% a.a.)
2025-10-25,15.0,432,Taxa Selic (% a.a.)
2025-10-26,15.0,432,Taxa Selic (% a.a.)
2025-10-27,15.0,432,Taxa Selic (% a.a.)
2025-10-28,15.0,432,Taxa Selic (% a.a.)
2025-10-29,15.0,432,Taxa Selic (% a.a.)
2025-10-30,15.0,432,Taxa Selic (% a.a.)
2025-10-31,15.0,432,Taxa Selic (% a.a.)
2025-11-01,15.0,432,Taxa Selic (% a.a.)
2025-11-02,15.0,432,Taxa Selic (% a.a.)
2025-11-03,15.0,432,Taxa Selic (% a.a.)
2025-11-04,15.0,432,Taxa Selic (% a.a.)
2025-11-05,15.0,432,Taxa Selic (% a.a.)
2025-11-06,15.0,432,Taxa Selic (% a.a.)
2025-11-07,15.0,432,Taxa Selic (% a.a.)
2025-11-08,15.0,432,Taxa Selic (% a.a.)
2025-11-09,15.0,432,Taxa Selic (% a.a.)
2025-11-10,15.0,432,Taxa Selic (% a.a.)
2025-11-11,15.0,432,Taxa Selic (% a.a.)
2025-11-12,15.0,432,Taxa Selic (% a.a.)
2025-11-13,15.0,432,Taxa Selic (% a.a.)
2025-11-14,15.0,432,Taxa Selic (% a.a.)
2025-11-15,15.0,432,Taxa Selic (% a.a.)
2025-11-16,15.0,432,Taxa Selic (% a.a.)
2025-11-17,15.0,432,Taxa Selic (% a.a.)
2025-11-18,15.0,432,Taxa Selic (% a.a.)
2025-11-19,15.0,432,Taxa Selic (% a.a.)
2025-11-20,15.0,432,Taxa Selic (% a.a.)
2025-11-21,15.0,432,Taxa Selic (% a.a.)
2025-11-22,15.0,432,Taxa Selic (% a.a.)
2025-11-23,15.0,432,Taxa Selic (% a.a.)
2025-11-24,15.0,432,Taxa Selic (% a.a.)
2025-11-25,15.0,432,Taxa Selic (% a.a.)
2025-11-26,15.0,432,Taxa Selic (% a.a.)
2025-11-27,15.0,432,Taxa Selic (% a.a.)
2025-11-28,15.0,432,Taxa Selic (% a.a.)
2025-11-29,15.0,432,Taxa Selic (% a.a.)
2025-11-30,15.0,432,Taxa Selic (% a.a.)
2025-12-01,15.0,432,Taxa Selic (% a.a.)
2025-12-02,15.0,432,Taxa Selic (% a.a.)
2025-12-03,15.0,432,Taxa Selic (% a.a.)
2025-12-04,15.0,432,Taxa Selic (% a.a.)
2025-12-05,15.0,432,Taxa Selic (% a.a.)
2025-12-06,15.0,432,Taxa Selic (% a.a.)
2025-12-07,15.0,432,Taxa Selic (% a.a.)
2025-12-08,15.0,432,Taxa Selic (% a.a.)
2025-12-09,15.0,432,Taxa Selic (% a.a.)
2025-12-10,15.0,432,Taxa Selic (% a.a.)
2025-12-11,15.0,432,Taxa Selic (% a.a.)
2025-12-12,15.0,432,Taxa Selic (% a.a.)
2025-12-13,15.0,432,Taxa Selic (% a.a.)
2025-12-14,15.0,432,Taxa Selic (% a.a.)
2025-12-15,15.0,432,Taxa Selic (% a.a.)
2025-12-16,15.0,432,Taxa Selic (% a.a.)
2025-12-17,15.0,432,Taxa Selic (% a.a.)
2025-12-18,15.0,432,Taxa Selic (% a.a.)
2025-12-19,15.0,432,Taxa Selic (% a.a.)
2025-12-20,15.0,432,Taxa Selic (% a.a.)
2025-12-21,15.0,432,Taxa Selic (% a.a.)
2025-12-22,15.0,432,Taxa Selic (% a.a.)
2025-12-23,15.0,432,Taxa Selic (% a.a.)
2025-12-24,15.0,432,Taxa Selic (% a.a.)
2025-12-25,15.0,432,Taxa Selic (% a.a.)
2025-12-26,15.0,432,Taxa Selic (% a.a.)
2025-12-27,15.0,432,Taxa Selic (% a.a.)
2025-12-28,15.0,432,Taxa Selic (% a.a.)
2025-12-29,15.0,432,Taxa Selic (% a.a.)
2025-12-30,15.0,432,Taxa Selic (% a.a.)
2025-12-31,15.0,432,Taxa Selic (% a.a.)
2026-01-01,15.0,432,Taxa Selic (% a.a.)
2026-01-02,15.0,432,Taxa Selic (% a.a.)
2026-01-03,15.0,432,Taxa Selic (% a.a.)
2026-01-04,15.0,432,Taxa Selic (% a.a.)
2026-01-05,15.0,432,Taxa Selic (% a.a.)
2026-01-06,15.0,432,Taxa Selic (% a.a.)
2026-01-07,15.0,432,Taxa Selic (% a.a.)
2026-01-08,15.0,432,Taxa Selic (% a.a.)
2026-01-09,15.0,432,Taxa Selic (% a.a.)
2026-01-10,15.0,432,Taxa Selic (% a.a.)
2026-01-11,15.0,432,Taxa Selic (% a.a.)
2026-01-12,15.0,432,Taxa Selic (% a.a.)
2026-01-13,15.0,432,Taxa Selic (% a.a.)
2026-01-14,15.0,432,Taxa Selic (% a.a.)
2026-01-15,15.0,432,Taxa Selic (% a.a.)
2026-01-16,15.0,432,Taxa Selic (% a.a.)
2026-01-17,15.0,432,Taxa Selic (% a.a.)
2026-01-18,15.0,432,Taxa Selic (% a.a.)
2026-01-19,15.0,432,Taxa Selic (% a.a.)
2026-01-20,15.0,432,Taxa Selic (% a.a.)
2026-01-21,15.0,432,Taxa Selic (% a.a.)
2026-01-22,15.0,432,Taxa Selic (% a.a.)
2026-01-23,15.0,432,Taxa Selic (% a.a.)
2026-01-24,15.0,432,Taxa Selic (% a.a.)
2026-01-25,15.0,432,Taxa Selic (% a.a.)
2026-01-26,15.0,432,Taxa Selic (% a.a.)
2026-01-27,15.0,432,Taxa Selic (% a.a.)
2026-01-28,15.0,432,Taxa Selic (% a.a.)
2026-01-29,15.0,432,Taxa Selic (% a.a.)
2026-01-30,15.0,432,Taxa Selic (% a.a.)
2026-01-31,15.0,432,Taxa Selic (% a.a.)
2026-02-01,15.0,432,Taxa Selic (% a.a.)
2026-02-02,15.0,432,Taxa Selic (% a.a.)
2026-02-03,15.0,432,Taxa Selic (% a.a.)
2026-02-04,15.0,432,Taxa Selic (% a.a.)
2026-02-05,15.0,432,Taxa Selic (% a.a.)
2026-02-06,15.0,432,Taxa Selic (% a.a.)
2026-02-07,15.0,432,Taxa Selic (% a.a.)
2026-02-08,15.0,432,Taxa Selic (% a.a.)
2026-02-09,15.0,432,Taxa Selic (% a.a.)
2026-02-10,15.0,432,Taxa Selic (% a.a.)
2026-02-11,15.0,432,Taxa Selic (% a.a.)
2026-02-12,15.0,432,Taxa Selic (% a.a.)
2026-02-13,15.0,432,Taxa Selic (% a.a.)
2026-02-14,15.0,432,Taxa Selic (% a.a.)
2026-02-15,15.0,432,Taxa Selic (% a.a.)
2026-02-16,15.0,432,Taxa Selic (% a.a.)
2026-02-17,15.0,432,Taxa Selic (% a.a.)
2026-02-18,15.0,432,Taxa Selic (% a.a.)
2026-02-19,15.0,432,Taxa Selic (% a.a.)
2026-02-20,15.0,432,Taxa Selic (% a.a.)
2026-02-21,15.0,432,Taxa Selic (% a.a.)
2026-02-22,15.0,432,Taxa Selic (% a.a.)
2026-02-23,15.0,432,Taxa Selic (% a.a.)
2026-02-24,15.0,432,Taxa Selic (% a.a.)
2026-02-25,15.0,432,Taxa Selic (% a.a.)
2026-02-26,15.0,432,Taxa Selic (% a.a.)
2026-02-27,15.0,432,Taxa Selic (% a.a.)
2026-02-28,15.0,432,Taxa Selic (% a.a.)
2026-03-01,15.0,432,Taxa Selic (% a.a.)
2026-03-02,15.0,432,Taxa Selic (% a.a.)
2026-03-03,15.0,432,Taxa Selic (% a.a.)
2026-03-04,15.0,432,Taxa Selic (% a.a.)
2026-03-05,15.0,432,Taxa Selic (% a.a.)
2026-03-06,15.0,432,Taxa Selic (% a.a.)
2026-03-07,15.0,432,Taxa Selic (% a.a.)
2026-03-08,15.0,432,Taxa Selic (% a.a.)
2026-03-09,15.0,432,Taxa Selic (% a.a.)
2026-03-10,15.0,432,Taxa Selic (% a.a.)
2026-03-11,15.0,432,Taxa Selic (% a.a.)
2026-03-12,15.0,432,Taxa Selic (% a.a.)
2026-03-13,15.0,432,Taxa Selic (% a.a.)
2026-03-14,15.0,432,Taxa Selic (% a.a.)
2026-03-15,15.0,432,Taxa Selic (% a.a.)
2026-03-16,15.0,432,Taxa Selic (% a.a.)
2026-03-17,15.0,432,Taxa Selic (% a.a.)
2026-03-18,15.0,432,Taxa Selic (% a.a.)
2026-03-19,14.75,432,Taxa Selic (% a.a.)
2026-03-20,14.75,432,Taxa Selic (% a.a.)
2026-03-21,14.75,432,Taxa Selic (% a.a.)
2026-03-22,14.75,432,Taxa Selic (% a.a.)
2026-03-23,14.75,432,Taxa Selic (% a.a.)
2026-03-24,14.75,432,Taxa Selic (% a.a.)
2026-03-25,14.75,432,Taxa Selic (% a.a.)
2026-03-26,14.75,432,Taxa Selic (% a.a.)
2026-03-27,14.75,432,Taxa Selic (% a.a.)
2026-03-28,14.75,432,Taxa Selic (% a.a.)
2026-03-29,14.75,432,Taxa Selic (% a.a.)
2026-03-30,14.75,432,Taxa Selic (% a.a.)
2026-03-31,14.75,432,Taxa Selic (% a.a.)
2026-04-01,14.75,432,Taxa Selic (% a.a.)
2026-04-02,14.75,432,Taxa Selic (% a.a.)
2026-04-03,14.75,432,Taxa Selic (% a.a.)
2026-04-04,14.75,432,Taxa Selic (% a.a.)
2026-04-05,14.75,432,Taxa Selic (% a.a.)
2026-04-06,14.75,432,Taxa Selic (% a.a.)
2026-04-07,14.75,432,Taxa Selic (% a.a.)
2026-04-08,14.75,432,Taxa Selic (% a.a.)
2026-04-09,14.75,432,Taxa Selic (% a.a.)
2026-04-10,14.75,432,Taxa Selic (% a.a.)
2026-04-11,14.75,432,Taxa Selic (% a.a.)
2026-04-12,14.75,432,Taxa Selic (% a.a.)
2026-04-13,14.75,432,Taxa Selic (% a.a.)
2026-04-14,14.75,432,Taxa Selic (% a.a.)
2026-04-15,14.75,432,Taxa Selic (% a.a.)
2026-04-16,14.75,432,Taxa Selic (% a.a.)
2026-04-17,14.75,432,Taxa Selic (% a.a.)
2026-04-18,14.75,432,Taxa Selic (% a.a.)
2026-04-19,14.75,432,Taxa Selic (% a.a.)
2026-04-20,14.75,432,Taxa Selic (% a.a.)
2026-04-21,14.75,432,Taxa Selic (% a.a.)
2026-04-22,14.75,432,Taxa Selic (% a.a.)
2026-04-23,14.75,432,Taxa Selic (% a.a.)
2026-04-24,14.75,432,Taxa Selic (% a.a.)
2026-04-25,14.75,432,Taxa Selic (% a.a.)
2026-04-26,14.75,432,Taxa Selic (% a.a.)
2026-04-27,14.75,432,Taxa Selic (% a.a.)
2026-04-28,14.75,432,Taxa Selic (% a.a.)
2026-04-29,14.75,432,Taxa Selic (% a.a.)
2026-04-30,14.5,432,Taxa Selic (% a.a.)
2026-05-01,14.5,432,Taxa Selic (% a.a.)
2026-05-02,14.5,432,Taxa Selic (% a.a.)
2026-05-03,14.5,432,Taxa Selic (% a.a.)
2026-05-04,14.5,432,Taxa Selic (% a.a.)
2026-05-05,14.5,432,Taxa Selic (% a.a.)
2026-05-06,14.5,432,Taxa Selic (% a.a.)
2026-05-07,14.5,432,Taxa Selic (% a.a.)
2026-05-08,14.5,432,Taxa Selic (% a.a.)
2026-05-09,14.5,432,Taxa Selic (% a.a.)
2026-05-10,14.5,432,Taxa Selic (% a.a.)
2026-05-11,14.5,432,Taxa Selic (% a.a.)
2026-05-12,14.5,432,Taxa Selic (% a.a.)
2026-05-13,14.5,432,Taxa Selic (% a.a.)
2026-05-14,14.5,432,Taxa Selic (% a.a.)
2026-05-15,14.5,432,Taxa Selic (% a.a.)
2026-05-16,14.5,432,Taxa Selic (% a.a.)
2026-05-17,14.5,432,Taxa Selic (% a.a.)
2026-05-18,14.5,432,Taxa Selic (% a.a.)
2026-05-19,14.5,432,Taxa Selic (% a.a.)
2026-05-20,14.5,432,Taxa Selic (% a.a.)
2026-05-21,14.5,432,Taxa Selic (% a.a.)
2026-05-22,14.5,432,Taxa Selic (% a.a.)
2026-05-23,14.5,432,Taxa Selic (% a.a.)
2026-05-24,14.5,432,Taxa Selic (% a.a.)
2026-05-25,14.5,432,Taxa Selic (% a.a.)
2026-05-26,14.5,432,Taxa Selic (% a.a.)
2026-05-27,14.5,432,Taxa Selic (% a.a.)
2026-05-28,14.5,432,Taxa Selic (% a.a.)
2026-05-29,14.5,432,Taxa Selic (% a.a.)
2026-05-30,14.5,432,Taxa Selic (% a.a.)
2026-05-31,14.5,432,Taxa Selic (% a.a.)
2026-06-01,14.5,432,Taxa Selic (% a.a.)
2026-06-02,14.5,432,Taxa Selic (% a.a.)
2026-06-03,14.5,432,Taxa Selic (% a.a.)
2026-06-04,14.5,432,Taxa Selic (% a.a.)
2026-06-05,14.5,432,Taxa Selic (% a.a.)
2026-06-06,14.5,432,Taxa Selic (% a.a.)
2026-06-07,14.5,432,Taxa Selic (% a.a.)
2026-06-08,14.5,432,Taxa Selic (% a.a.)
2026-06-09,14.5,432,Taxa Selic (% a.a.)
2026-06-10,14.5,432,Taxa Selic (% a.a.)
2026-06-11,14.5,432,Taxa Selic (% a.a.)
2026-06-12,14.5,432,Taxa Selic (% a.a.)
2026-06-13,14.5,432,Taxa Selic (% a.a.)
2026-06-14,14.5,432,Taxa Selic (% a.a.)
2026-06-15,14.5,432,Taxa Selic (% a.a.)
2026-06-16,14.5,432,Taxa Selic (% a.a.)
2026-06-17,14.5,432,Taxa Selic (% a.a.)
2026-06-18,14.25,432,Taxa Selic (% a.a.)
2026-06-19,14.25,432,Taxa Selic (% a.a.)
2026-06-20,14.25,432,Taxa Selic (% a.a.)
2026-06-21,14.25,432,Taxa Selic (% a.a.)
2026-06-22,14.25,432,Taxa Selic (% a.a.)
2026-06-23,14.25,432,Taxa Selic (% a.a.)
2026-06-24,14.25,432,Taxa Selic (% a.a.)
2026-06-25,14.25,432,Taxa Selic (% a.a.)
2026-06-26,14.25,432,Taxa Selic (% a.a.)
2026-06-27,14.25,432,Taxa Selic (% a.a.)
2026-06-28,14.25,432,Taxa Selic (% a.a.)
2026-06-29,14.25,432,Taxa Selic (% a.a.)
2026-06-30,14.25,432,Taxa Selic (% a.a.)
2026-07-01,14.25,432,Taxa Selic (% a.a.)
2026-07-02,14.25,432,Taxa Selic (% a.a.)
2026-07-03,14.25,432,Taxa Selic (% a.a.)
2026-07-04,14.25,432,Taxa Selic (% a.a.)
2026-07-05,14.25,432,Taxa Selic (% a.a.)
2026-07-06,14.25,432,Taxa Selic (% a.a.)
2026-07-07,14.25,432,Taxa Selic (% a.a.)
2026-07-08,14.25,432,Taxa Selic (% a.a.)
2026-07-09,14.25,432,Taxa Selic (% a.a.)
2026-07-10,14.25,432,Taxa Selic (% a.a.)
2026-07-11,14.25,432,Taxa Selic (% a.a.)
2026-07-12,14.25,432,Taxa Selic (% a.a.)
2026-07-13,14.25,432,Taxa Selic (% a.a.)
2026-07-14,14.25,432,Taxa Selic (% a.a.)
2026-07-15,14.25,432,Taxa Selic (% a.a.)
2026-07-16,14.25,432,Taxa Selic (% a.a.)
2026-07-17,14.25,432,Taxa Selic (% a.a.)
2026-07-18,14.25,432,Taxa Selic (% a.a.)
2026-07-19,14.25,432,Taxa Selic (% a.a.)
2026-07-20,14.25,432,Taxa Selic (% a.a.)
2026-07-21,14.25,432,Taxa Selic (% a.a.)
2026-07-22,14.25,432,Taxa Selic (% a.a.)
2026-07-23,14.25,432,Taxa Selic (% a.a.)
2026-07-24,14.25,432,Taxa Selic (% a.a.)
2026-07-25,14.25,432,Taxa Selic (% a.a.)
2026-07-26,14.25,432,Taxa Selic (% a.a.)
2026-07-27,14.25,432,Taxa Selic (% a.a.)
2026-07-28,14.25,432,Taxa Selic (% a.a.)
2026-07-29,14.25,432,Taxa Selic (% a.a.)
2026-07-30,14.25,432,Taxa Selic (% a.a.)
2026-07-31,14.25,432,Taxa Selic (% a.a.)
2026-08-01,14.25,432,Taxa Selic (% a.a.)
2026-08-02,14.25,432,Taxa Selic (% a.a.)
2026-08-03,14.25,432,Taxa Selic (% a.a.)
2026-08-04,14.25,432,Taxa Selic (% a.a.)
2026-08-05,14.25,432,Taxa Selic (% a.a.)
2026-08-06,14.0,432,Taxa Selic (% a.a.)
2026-08-07,14.0,432,Taxa Selic (% a.a.)
2026-08-08,14.0,432,Taxa Selic (% a.a.)
2026-08-09,14.0,432,Taxa Selic (% a.a.)
2026-08-10,14.0,432,Taxa Selic (% a.a.)
2026-08-11,14.0,432,Taxa Selic (% a.a.)
2026-08-12,14.0,432,Taxa Selic (% a.a.)
2026-08-13,14.0,432,Taxa Selic (% a.a.)
2026-08-14,14.0,432,Taxa Selic (% a.a.)
2026-08-15,14.0,432,Taxa Selic (% a.a.)
2026-08-16,14.0,432,Taxa Selic (% a.a.)
2026-08-17,14.0,432,Taxa Selic (% a.a.)
2026-08-18,14.0,432,Taxa Selic (% a.a.)
2026-08-19,14.0,432,Taxa Selic (% a.a.)
2026-08-20,14.0,432,Taxa Selic (% a.a.)
2026-08-21,14.0,432,Taxa Selic (% a.a.)
2026-08-22,14.0,432,Taxa Selic (% a.a.)
2026-08-23,14.0,432,Taxa Selic (% a.a.)
2026-08-24,14.0,432,Taxa Selic (% a.a.)
2026-08-25,14.0,432,Taxa Selic (% a.a.)
2026-08-26,14.0,432,Taxa Selic (% a.a.)
2026-08-27,14.0,432,Taxa Selic (% a.a.)
2026-08-28,14.0,432,Taxa Selic (% a.a.)
2026-08-29,14.0,432,Taxa Selic (% a.a.)
2026-08-30,14.0,432,Taxa Selic (% a.a.)
2026-08-31,14.0,432,Taxa Selic (% a.a.)
2026-09-01,14.0,432,Taxa Selic (% a.a.)
2026-09-02,14.0,432,Taxa Selic (% a.a.)
2026-09-03,14.0,432,Taxa Selic (% a.a.)
2026-09-04,14.0,432,Taxa Selic (% a.a.)
2026-09-05,14.0,432,Taxa Selic (% a.a.)
2026-09-06,14.0,432,Taxa Selic (% a.a.)
2026-09-07,14.0,432,Taxa Selic (% a.a.)
2026-09-08,14.0,432,Taxa Selic (% a.a.)
2026-09-09,14.0,432,Taxa Selic (% a.a.)
2026-09-10,14.0,432,Taxa Selic (% a.a.)
2026-09-11,14.0,432,Taxa Selic (% a.a.)
2026-09-12,14.0,432,Taxa Selic (% a.a.)
2026-09-13,14.0,432,Taxa Selic (% a.a.)
2026-09-14,14.0,432,Taxa Selic (% a.a.)
2026-09-15,14.0,432,Taxa Selic (% a.a.)
2026-09-16,14.0,432,Taxa Selic (% a.a.)
2026-09-17,13.75,432,Taxa Selic (% a.a.)
2026-09-18,13.75,432,Taxa Selic (% a.a.)
2026-09-19,13.75,432,Taxa Selic (% a.a.)
2026-09-20,13.75,432,Taxa Selic (% a.a.)
2026-09-21,13.75,432,Taxa Selic (% a.a.)
2026-09-22,13.75,432,Taxa Selic (% a.a.)
2026-09-23,13.75,432,Taxa Selic (% a.a.)
2026-09-24,13.75,432,Taxa Selic (% a.a.)
2026-09-25,13.75,432,Taxa Selic (% a.a.)
2026-09-26,13.75,432,Taxa Selic (% a.a.)
2026-09-27,13.75,432,Taxa Selic (% a.a.)
2026-09-28,13.75,432,Taxa Selic (% a.a.)
2026-09-29,13.75,432,Taxa Selic (% a.a.)
2026-09-30,13.75,432,Taxa Selic (% a.a.)
2026-10-01,13.75,432,Taxa Selic (% a.a.)
2026-10-02,13.75,432,Taxa Selic (% a.a.)
2026-10-03,13.75,432,Taxa Selic (% a.a.)
2026-10-04,13.75,432,Taxa Selic (% a.a.)
2026-10-05,13.75,432,Taxa Selic (% a.a.)
2026-10-06,13.75,432,Taxa Selic (% a.a.)
2026-10-07,13.75,432,Taxa Selic (% a.a.)
2026-10-08,13.75,432,Taxa Selic (% a.a.)
2026-10-09,13.75,432,Taxa Selic (% a.a.)
2026-10-10,13.75,432,Taxa Selic (% a.a.)
2026-10-11,13.75,432,Taxa Selic (% a.a.)
2026-10-12,13.75,432,Taxa Selic (% a.a.)
2026-10-13,13.75,432,Taxa Selic (% a.a.)
2026-10-14,13.75,432,Taxa Selic (% a.a.)
2026-10-15,13.75,432,Taxa Selic (% a.a.)
2026-10-16,13.75,432,Taxa Selic (% a.a.)
2026-10-17,13.75,432,Taxa Selic (% a.a.)
2026-10-18,13.75,432,Taxa Selic (% a.a.)
2026-10-19,13.75,432,Taxa Selic (% a.a.)
2026-10-20,13.75,432,Taxa Selic (% a.a.)
2026-10-21,13.75,432,Taxa Selic (% a.a.)
2026-10-22,13.75,432,Taxa Selic (% a.a.)
2026-10-23,13.75,432,Taxa Selic (% a.a.)
2026-10-24,13.75,432,Taxa Selic (% a.a.)
2026-10-25,13.75,432,Taxa Selic (% a.a.)
2026-10-26,13.75,432,Taxa Selic (% a.a.)
2026-10-27,13.75,432,Taxa Selic (% a.a.)
2026-10-28,13.75,432,Taxa Selic (% a.a.)
2026-10-29,13.75,432,Taxa Selic (% a.a.)
2026-10-30,13.75,432,Taxa Selic (% a.a.)
2026-10-31,13.75,432,Taxa Selic (% a.a.)
2026-11-01,13.75,432,Taxa Selic (% a.a.)
2026-11-02,13.75,432,Taxa Selic (% a.a.)
2026-11-03,13.75,432,Taxa Selic (% a.a.)
2026-11-04,13.75,432,Taxa Selic (% a.a.)
2022-01-03,5.6303,10813,Dolar PTAX (Venda R$)
2022-01-04,5.677,10813,Dolar PTAX (Venda R$)
2022-01-05,5.6622,10813,Dolar PTAX (Venda R$)
2022-01-06,5.7036,10813,Dolar PTAX (Venda R$)
2022-01-07,5.6747,10813,Dolar PTAX (Venda R$)
2022-01-10,5.673,10813,Dolar PTAX (Venda R$)
2022-01-11,5.6345,10813,Dolar PTAX (Venda R$)
2022-01-12,5.5605,10813,Dolar PTAX (Venda R$)
2022-01-13,5.524,10813,Dolar PTAX (Venda R$)
2022-01-14,5.5343,10813,Dolar PTAX (Venda R$)
2022-01-17,5.5052,10813,Dolar PTAX (Venda R$)
2022-01-18,5.5207,10813,Dolar PTAX (Venda R$)
2022-01-19,5.4972,10813,Dolar PTAX (Venda R$)
2022-01-20,5.416,10813,Dolar PTAX (Venda R$)
2022-01-21,5.4395,10813,Dolar PTAX (Venda R$)
2022-01-24,5.4904,10813,Dolar PTAX (Venda R$)
2022-01-25,5.4965,10813,Dolar PTAX (Venda R$)
2022-01-26,5.4318,10813,Dolar PTAX (Venda R$)
2022-01-27,5.3806,10813,Dolar PTAX (Venda R$)
2022-01-28,5.3948,10813,Dolar PTAX (Venda R$)
2022-01-31,5.3568,10813,Dolar PTAX (Venda R$)
2022-02-01,5.2804,10813,Dolar PTAX (Venda R$)
2022-02-02,5.295,10813,Dolar PTAX (Venda R$)
2022-02-03,5.3019,10813,Dolar PTAX (Venda R$)
2022-02-04,5.3278,10813,Dolar PTAX (Venda R$)
2022-02-07,5.2907,10813,Dolar PTAX (Venda R$)
2022-02-08,5.2693,10813,Dolar PTAX (Venda R$)
2022-02-09,5.2729,10813,Dolar PTAX (Venda R$)
2022-02-10,5.2095,10813,Dolar PTAX (Venda R$)
2022-02-11,5.1981,10813,Dolar PTAX (Venda R$)
2022-02-14,5.21,10813,Dolar PTAX (Venda R$)
2022-02-15,5.1875,10813,Dolar PTAX (Venda R$)
2022-02-16,5.1624,10813,Dolar PTAX (Venda R$)
2022-02-17,5.1559,10813,Dolar PTAX (Venda R$)
2022-02-18,5.1333,10813,Dolar PTAX (Venda R$)
2022-02-21,5.0991,10813,Dolar PTAX (Venda R$)
2022-02-22,5.0605,10813,Dolar PTAX (Venda R$)
2022-02-23,5.0137,10813,Dolar PTAX (Venda R$)
2022-02-24,5.1168,10813,Dolar PTAX (Venda R$)
2022-02-25,5.1388,10813,Dolar PTAX (Venda R$)
2022-03-02,5.1341,10813,Dolar PTAX (Venda R$)
2022-03-03,5.0473,10813,Dolar PTAX (Venda R$)
2022-03-04,5.0752,10813,Dolar PTAX (Venda R$)
2022-03-07,5.0573,10813,Dolar PTAX (Venda R$)
2022-03-08,5.0897,10813,Dolar PTAX (Venda R$)
2022-03-09,5.0088,10813,Dolar PTAX (Venda R$)
2022-03-10,5.0507,10813,Dolar PTAX (Venda R$)
2022-03-11,5.0249,10813,Dolar PTAX (Venda R$)
2022-03-14,5.0641,10813,Dolar PTAX (Venda R$)
2022-03-15,5.1308,10813,Dolar PTAX (Venda R$)
2022-03-16,5.1281,10813,Dolar PTAX (Venda R$)
2022-03-17,5.0758,10813,Dolar PTAX (Venda R$)
2022-03-18,5.0405,10813,Dolar PTAX (Venda R$)
2022-03-21,4.966,10813,Dolar PTAX (Venda R$)
2022-03-22,4.9202,10813,Dolar PTAX (Venda R$)
2022-03-23,4.8698,10813,Dolar PTAX (Venda R$)
2022-03-24,4.8061,10813,Dolar PTAX (Venda R$)
2022-03-25,4.7776,10813,Dolar PTAX (Venda R$)
2022-03-28,4.7899,10813,Dolar PTAX (Venda R$)
2022-03-29,4.748,10813,Dolar PTAX (Venda R$)
2022-03-30,4.7491,10813,Dolar PTAX (Venda R$)
2022-03-31,4.7372,10813,Dolar PTAX (Venda R$)
2022-04-01,4.6978,10813,Dolar PTAX (Venda R$)
2022-04-04,4.6169,10813,Dolar PTAX (Venda R$)
2022-04-05,4.6394,10813,Dolar PTAX (Venda R$)
2022-04-06,4.6961,10813,Dolar PTAX (Venda R$)
2022-04-07,4.7416,10813,Dolar PTAX (Venda R$)
2022-04-08,4.7507,10813,Dolar PTAX (Venda R$)
2022-04-11,4.7019,10813,Dolar PTAX (Venda R$)
2022-04-12,4.6477,10813,Dolar PTAX (Venda R$)
2022-04-13,4.6805,10813,Dolar PTAX (Venda R$)
2022-04-14,4.7152,10813,Dolar PTAX (Venda R$)
2022-04-18,4.674,10813,Dolar PTAX (Venda R$)
2022-04-19,4.6658,10813,Dolar PTAX (Venda R$)
2022-04-20,4.6391,10813,Dolar PTAX (Venda R$)
2022-04-22,4.732,10813,Dolar PTAX (Venda R$)
2022-04-25,4.8812,10813,Dolar PTAX (Venda R$)
2022-04-26,4.966,10813,Dolar PTAX (Venda R$)
2022-04-27,5.0161,10813,Dolar PTAX (Venda R$)
2022-04-28,5.0104,10813,Dolar PTAX (Venda R$)
2022-04-29,4.9185,10813,Dolar PTAX (Venda R$)
2022-05-02,5.026,10813,Dolar PTAX (Venda R$)
2022-05-03,5.0161,10813,Dolar PTAX (Venda R$)
2022-05-04,5.0087,10813,Dolar PTAX (Venda R$)
2022-05-05,5.0045,10813,Dolar PTAX (Venda R$)
2022-05-06,5.0744,10813,Dolar PTAX (Venda R$)
2022-05-09,5.1334,10813,Dolar PTAX (Venda R$)
2022-05-10,5.1384,10813,Dolar PTAX (Venda R$)
2022-05-11,5.1238,10813,Dolar PTAX (Venda R$)
2022-05-12,5.1476,10813,Dolar PTAX (Venda R$)
2022-05-13,5.1069,10813,Dolar PTAX (Venda R$)
2022-05-16,5.066,10813,Dolar PTAX (Venda R$)
2022-05-17,4.967,10813,Dolar PTAX (Venda R$)
2022-05-18,4.9586,10813,Dolar PTAX (Venda R$)
2022-05-19,4.9192,10813,Dolar PTAX (Venda R$)
2022-05-20,4.8771,10813,Dolar PTAX (Venda R$)
2022-05-23,4.7967,10813,Dolar PTAX (Venda R$)
2022-05-24,4.81,10813,Dolar PTAX (Venda R$)
2022-05-25,4.8353,10813,Dolar PTAX (Venda R$)
2022-05-26,4.7961,10813,Dolar PTAX (Venda R$)
2022-05-27,4.7428,10813,Dolar PTAX (Venda R$)
2022-05-30,4.721,10813,Dolar PTAX (Venda R$)
2022-05-31,4.7283,10813,Dolar PTAX (Venda R$)
2022-06-01,4.7759,10813,Dolar PTAX (Venda R$)
2022-06-02,4.7873,10813,Dolar PTAX (Venda R$)
2022-06-03,4.795,10813,Dolar PTAX (Venda R$)
2022-06-06,4.7833,10813,Dolar PTAX (Venda R$)
2022-06-07,4.8903,10813,Dolar PTAX (Venda R$)
2022-06-08,4.8705,10813,Dolar PTAX (Venda R$)
2022-06-09,4.8945,10813,Dolar PTAX (Venda R$)
2022-06-10,4.983,10813,Dolar PTAX (Venda R$)
2022-06-13,5.1027,10813,Dolar PTAX (Venda R$)
2022-06-14,5.1197,10813,Dolar PTAX (Venda R$)
2022-06-15,5.1113,10813,Dolar PTAX (Venda R$)
2022-06-17,5.1307,10813,Dolar PTAX (Venda R$)
2022-06-20,5.1635,10813,Dolar PTAX (Venda R$)
2022-06-21,5.1456,10813,Dolar PTAX (Venda R$)
2022-06-22,5.1503,10813,Dolar PTAX (Venda R$)
2022-06-23,5.1827,10813,Dolar PTAX (Venda R$)
2022-06-24,5.2328,10813,Dolar PTAX (Venda R$)
2022-06-27,5.2208,10813,Dolar PTAX (Venda R$)
2022-06-28,5.2173,10813,Dolar PTAX (Venda R$)
2022-06-29,5.2262,10813,Dolar PTAX (Venda R$)
2022-06-30,5.2374,10813,Dolar PTAX (Venda R$)
2022-07-01,5.3136,10813,Dolar PTAX (Venda R$)
2022-07-04,5.3032,10813,Dolar PTAX (Venda R$)
2022-07-05,5.3893,10813,Dolar PTAX (Venda R$)
2022-07-06,5.4315,10813,Dolar PTAX (Venda R$)
2022-07-07,5.3634,10813,Dolar PTAX (Venda R$)
2022-07-08,5.308,10813,Dolar PTAX (Venda R$)
2022-07-11,5.3471,10813,Dolar PTAX (Venda R$)
2022-07-12,5.4114,10813,Dolar PTAX (Venda R$)
2022-07-13,5.3987,10813,Dolar PTAX (Venda R$)
2022-07-14,5.4562,10813,Dolar PTAX (Venda R$)
2022-07-15,5.4008,10813,Dolar PTAX (Venda R$)
2022-07-18,5.3669,10813,Dolar PTAX (Venda R$)
2022-07-19,5.3898,10813,Dolar PTAX (Venda R$)
2022-07-20,5.4282,10813,Dolar PTAX (Venda R$)
2022-07-21,5.4744,10813,Dolar PTAX (Venda R$)
2022-07-22,5.4516,10813,Dolar PTAX (Venda R$)
2022-07-25,5.4138,10813,Dolar PTAX (Venda R$)
2022-07-26,5.3602,10813,Dolar PTAX (Venda R$)
2022-07-27,5.3068,10813,Dolar PTAX (Venda R$)
2022-07-28,5.2143,10813,Dolar PTAX (Venda R$)
2022-07-29,5.1878,10813,Dolar PTAX (Venda R$)
2022-08-01,5.16,10813,Dolar PTAX (Venda R$)
2022-08-02,5.2323,10813,Dolar PTAX (Venda R$)
2022-08-03,5.284,10813,Dolar PTAX (Venda R$)
2022-08-04,5.2403,10813,Dolar PTAX (Venda R$)
2022-08-05,5.2159,10813,Dolar PTAX (Venda R$)
2022-08-08,5.1241,10813,Dolar PTAX (Venda R$)
2022-08-09,5.1218,10813,Dolar PTAX (Venda R$)
2022-08-10,5.0491,10813,Dolar PTAX (Venda R$)
2022-08-11,5.1121,10813,Dolar PTAX (Venda R$)
2022-08-12,5.1017,10813,Dolar PTAX (Venda R$)
2022-08-15,5.0919,10813,Dolar PTAX (Venda R$)
2022-08-16,5.1334,10813,Dolar PTAX (Venda R$)
2022-08-17,5.1779,10813,Dolar PTAX (Venda R$)
2022-08-18,5.1767,10813,Dolar PTAX (Venda R$)
2022-08-19,5.1955,10813,Dolar PTAX (Venda R$)
2022-08-22,5.1703,10813,Dolar PTAX (Venda R$)
2022-08-23,5.1024,10813,Dolar PTAX (Venda R$)
2022-08-24,5.1044,10813,Dolar PTAX (Venda R$)
2022-08-25,5.1167,10813,Dolar PTAX (Venda R$)
2022-08-26,5.0897,10813,Dolar PTAX (Venda R$)
2022-08-29,5.0423,10813,Dolar PTAX (Venda R$)
2022-08-30,5.0611,10813,Dolar PTAX (Venda R$)
2022-08-31,5.1784,10813,Dolar PTAX (Venda R$)
2022-09-01,5.2001,10813,Dolar PTAX (Venda R$)
2022-09-02,5.1872,10813,Dolar PTAX (Venda R$)
2022-09-05,5.168,10813,Dolar PTAX (Venda R$)
2022-09-06,5.2222,10813,Dolar PTAX (Venda R$)
2022-09-08,5.2149,10813,Dolar PTAX (Venda R$)
2022-09-09,5.1627,10813,Dolar PTAX (Venda R$)
2022-09-12,5.1177,10813,Dolar PTAX (Venda R$)
2022-09-13,5.1788,10813,Dolar PTAX (Venda R$)
2022-09-14,5.1768,10813,Dolar PTAX (Venda R$)
2022-09-15,5.2205,10813,Dolar PTAX (Venda R$)
2022-09-16,5.2876,10813,Dolar PTAX (Venda R$)
2022-09-19,5.2361,10813,Dolar PTAX (Venda R$)
2022-09-20,5.1699,10813,Dolar PTAX (Venda R$)
2022-09-21,5.1686,10813,Dolar PTAX (Venda R$)
2022-09-22,5.1671,10813,Dolar PTAX (Venda R$)
2022-09-23,5.2251,10813,Dolar PTAX (Venda R$)
2022-09-26,5.3542,10813,Dolar PTAX (Venda R$)
2022-09-27,5.3502,10813,Dolar PTAX (Venda R$)
2022-09-28,5.3588,10813,Dolar PTAX (Venda R$)
2022-09-29,5.391,10813,Dolar PTAX (Venda R$)
2022-09-30,5.406,10813,Dolar PTAX (Venda R$)
2022-10-03,5.1996,10813,Dolar PTAX (Venda R$)
2022-10-04,5.1405,10813,Dolar PTAX (Venda R$)
2022-10-05,5.2138,10813,Dolar PTAX (Venda R$)
2022-10-06,5.2002,10813,Dolar PTAX (Venda R$)
2022-10-07,5.2215,10813,Dolar PTAX (Venda R$)
2022-10-10,5.1935,10813,Dolar PTAX (Venda R$)
2022-10-11,5.2061,10813,Dolar PTAX (Venda R$)
2022-10-13,5.3011,10813,Dolar PTAX (Venda R$)
2022-10-14,5.2818,10813,Dolar PTAX (Venda R$)
2022-10-17,5.2707,10813,Dolar PTAX (Venda R$)
2022-10-18,5.2691,10813,Dolar PTAX (Venda R$)
2022-10-19,5.2802,10813,Dolar PTAX (Venda R$)
2022-10-20,5.217,10813,Dolar PTAX (Venda R$)
2022-10-21,5.1913,10813,Dolar PTAX (Venda R$)
2022-10-24,5.2738,10813,Dolar PTAX (Venda R$)
2022-10-25,5.3085,10813,Dolar PTAX (Venda R$)
2022-10-26,5.3242,10813,Dolar PTAX (Venda R$)
2022-10-27,5.2997,10813,Dolar PTAX (Venda R$)
2022-10-28,5.3449,10813,Dolar PTAX (Venda R$)
2022-10-31,5.2564,10813,Dolar PTAX (Venda R$)
2022-11-01,5.1494,10813,Dolar PTAX (Venda R$)
2022-11-03,5.1343,10813,Dolar PTAX (Venda R$)
2022-11-04,5.0354,10813,Dolar PTAX (Venda R$)
2022-11-07,5.088,10813,Dolar PTAX (Venda R$)
2022-11-08,5.1738,10813,Dolar PTAX (Venda R$)
2022-11-09,5.1623,10813,Dolar PTAX (Venda R$)
2022-11-10,5.3058,10813,Dolar PTAX (Venda R$)
2022-11-11,5.3045,10813,Dolar PTAX (Venda R$)
2022-11-14,5.3007,10813,Dolar PTAX (Venda R$)
2022-11-16,5.3198,10813,Dolar PTAX (Venda R$)
2022-11-17,5.4649,10813,Dolar PTAX (Venda R$)
2022-11-18,5.3471,10813,Dolar PTAX (Venda R$)
2022-11-21,5.3253,10813,Dolar PTAX (Venda R$)
2022-11-22,5.3333,10813,Dolar PTAX (Venda R$)
2022-11-23,5.3924,10813,Dolar PTAX (Venda R$)
2022-11-24,5.3143,10813,Dolar PTAX (Venda R$)
2022-11-25,5.3502,10813,Dolar PTAX (Venda R$)
2022-11-28,5.3791,10813,Dolar PTAX (Venda R$)
2022-11-29,5.307,10813,Dolar PTAX (Venda R$)
2022-11-30,5.2935,10813,Dolar PTAX (Venda R$)
2022-12-01,5.1942,10813,Dolar PTAX (Venda R$)
2022-12-02,5.1968,10813,Dolar PTAX (Venda R$)
2022-12-05,5.2457,10813,Dolar PTAX (Venda R$)
2022-12-06,5.239,10813,Dolar PTAX (Venda R$)
2022-12-07,5.2202,10813,Dolar PTAX (Venda R$)
2022-12-08,5.2085,10813,Dolar PTAX (Venda R$)
2022-12-09,5.239,10813,Dolar PTAX (Venda R$)
2022-12-12,5.306,10813,Dolar PTAX (Venda R$)
2022-12-13,5.2663,10813,Dolar PTAX (Venda R$)
2022-12-14,5.34,10813,Dolar PTAX (Venda R$)
2022-12-15,5.3177,10813,Dolar PTAX (Venda R$)
2022-12-16,5.2801,10813,Dolar PTAX (Venda R$)
2022-12-19,5.3154,10813,Dolar PTAX (Venda R$)
2022-12-20,5.2421,10813,Dolar PTAX (Venda R$)
2022-12-21,5.2025,10813,Dolar PTAX (Venda R$)
2022-12-22,5.1865,10813,Dolar PTAX (Venda R$)
2022-12-23,5.1439,10813,Dolar PTAX (Venda R$)
2022-12-26,5.1866,10813,Dolar PTAX (Venda R$)
2022-12-27,5.2826,10813,Dolar PTAX (Venda R$)
2022-12-28,5.273,10813,Dolar PTAX (Venda R$)
2022-12-29,5.2171,10813,Dolar PTAX (Venda R$)
2022-12-30,5.2171,10813,Dolar PTAX (Venda R$)
2023-01-02,5.343,10813,Dolar PTAX (Venda R$)
2023-01-03,5.3753,10813,Dolar PTAX (Venda R$)
2023-01-04,5.4453,10813,Dolar PTAX (Venda R$)
2023-01-05,5.402,10813,Dolar PTAX (Venda R$)
2023-01-06,5.2849,10813,Dolar PTAX (Venda R$)
2023-01-09,5.2961,10813,Dolar PTAX (Venda R$)
2023-01-10,5.2389,10813,Dolar PTAX (Venda R$)
2023-01-11,5.2014,10813,Dolar PTAX (Venda R$)
2023-01-12,5.1394,10813,Dolar PTAX (Venda R$)
2023-01-13,5.114,10813,Dolar PTAX (Venda R$)
2023-01-16,5.1109,10813,Dolar PTAX (Venda R$)
2023-01-17,5.1197,10813,Dolar PTAX (Venda R$)
2023-01-18,5.0903,10813,Dolar PTAX (Venda R$)
2023-01-19,5.2138,10813,Dolar PTAX (Venda R$)
2023-01-20,5.198,10813,Dolar PTAX (Venda R$)
2023-01-23,5.1916,10813,Dolar PTAX (Venda R$)
2023-01-24,5.169,10813,Dolar PTAX (Venda R$)
2023-01-25,5.1036,10813,Dolar PTAX (Venda R$)
2023-01-26,5.0945,10813,Dolar PTAX (Venda R$)
2023-01-27,5.0761,10813,Dolar PTAX (Venda R$)
2023-01-30,5.0953,10813,Dolar PTAX (Venda R$)
2023-01-31,5.0987,10813,Dolar PTAX (Venda R$)
2023-02-01,5.0715,10813,Dolar PTAX (Venda R$)
2023-02-02,4.9895,10813,Dolar PTAX (Venda R$)
2023-02-03,5.1024,10813,Dolar PTAX (Venda R$)
2023-02-06,5.1757,10813,Dolar PTAX (Venda R$)
2023-02-07,5.1689,10813,Dolar PTAX (Venda R$)
2023-02-08,5.203,10813,Dolar PTAX (Venda R$)
2023-02-09,5.2309,10813,Dolar PTAX (Venda R$)
2023-02-10,5.252,10813,Dolar PTAX (Venda R$)
2023-02-13,5.1828,10813,Dolar PTAX (Venda R$)
2023-02-14,5.1501,10813,Dolar PTAX (Venda R$)
2023-02-15,5.2237,10813,Dolar PTAX (Venda R$)
2023-02-16,5.2426,10813,Dolar PTAX (Venda R$)
2023-02-17,5.2006,10813,Dolar PTAX (Venda R$)
2023-02-22,5.1724,10813,Dolar PTAX (Venda R$)
2023-02-23,5.1324,10813,Dolar PTAX (Venda R$)
2023-02-24,5.1785,10813,Dolar PTAX (Venda R$)
2023-02-27,5.1954,10813,Dolar PTAX (Venda R$)
2023-02-28,5.2072,10813,Dolar PTAX (Venda R$)
2023-03-01,5.2064,10813,Dolar PTAX (Venda R$)
2023-03-02,5.2074,10813,Dolar PTAX (Venda R$)
2023-03-03,5.2031,10813,Dolar PTAX (Venda R$)
2023-03-06,5.1964,10813,Dolar PTAX (Venda R$)
2023-03-07,5.1895,10813,Dolar PTAX (Venda R$)
2023-03-08,5.1381,10813,Dolar PTAX (Venda R$)
2023-03-09,5.1347,10813,Dolar PTAX (Venda R$)
2023-03-10,5.1816,10813,Dolar PTAX (Venda R$)
2023-03-13,5.2394,10813,Dolar PTAX (Venda R$)
2023-03-14,5.2356,10813,Dolar PTAX (Venda R$)
2023-03-15,5.2975,10813,Dolar PTAX (Venda R$)
2023-03-16,5.2886,10813,Dolar PTAX (Venda R$)
2023-03-17,5.2673,10813,Dolar PTAX (Venda R$)
2023-03-20,5.2461,10813,Dolar PTAX (Venda R$)
2023-03-21,5.2438,10813,Dolar PTAX (Venda R$)
2023-03-22,5.2642,10813,Dolar PTAX (Venda R$)
2023-03-23,5.2626,10813,Dolar PTAX (Venda R$)
2023-03-24,5.2915,10813,Dolar PTAX (Venda R$)
2023-03-27,5.23,10813,Dolar PTAX (Venda R$)
2023-03-28,5.1727,10813,Dolar PTAX (Venda R$)
2023-03-29,5.1487,10813,Dolar PTAX (Venda R$)
2023-03-30,5.1248,10813,Dolar PTAX (Venda R$)
2023-03-31,5.0798,10813,Dolar PTAX (Venda R$)
2023-04-03,5.0631,10813,Dolar PTAX (Venda R$)
2023-04-04,5.0756,10813,Dolar PTAX (Venda R$)
2023-04-05,5.0441,10813,Dolar PTAX (Venda R$)
2023-04-06,5.0677,10813,Dolar PTAX (Venda R$)
2023-04-10,5.0828,10813,Dolar PTAX (Venda R$)
2023-04-11,5.0122,10813,Dolar PTAX (Venda R$)
2023-04-12,4.949,10813,Dolar PTAX (Venda R$)
2023-04-13,4.9091,10813,Dolar PTAX (Venda R$)
2023-04-14,4.9449,10813,Dolar PTAX (Venda R$)
2023-04-17,4.9415,10813,Dolar PTAX (Venda R$)
2023-04-18,4.9672,10813,Dolar PTAX (Venda R$)
2023-04-19,5.0461,10813,Dolar PTAX (Venda R$)
2023-04-20,5.0491,10813,Dolar PTAX (Venda R$)
2023-04-24,5.0589,10813,Dolar PTAX (Venda R$)
2023-04-25,5.0607,10813,Dolar PTAX (Venda R$)
2023-04-26,5.0579,10813,Dolar PTAX (Venda R$)
2023-04-27,5.0144,10813,Dolar PTAX (Venda R$)
2023-04-28,5.0001,10813,Dolar PTAX (Venda R$)
2023-05-02,5.0329,10813,Dolar PTAX (Venda R$)
2023-05-03,5.0221,10813,Dolar PTAX (Venda R$)
2023-05-04,5.01,10813,Dolar PTAX (Venda R$)
2023-05-05,4.969,10813,Dolar PTAX (Venda R$)
2023-05-08,4.969,10813,Dolar PTAX (Venda R$)
2023-05-09,5.0001,10813,Dolar PTAX (Venda R$)
2023-05-10,4.9541,10813,Dolar PTAX (Venda R$)
2023-05-11,4.969,10813,Dolar PTAX (Venda R$)
2023-05-12,4.9228,10813,Dolar PTAX (Venda R$)
2023-05-15,4.9097,10813,Dolar PTAX (Venda R$)
2023-05-16,4.9116,10813,Dolar PTAX (Venda R$)
2023-05-17,4.9507,10813,Dolar PTAX (Venda R$)
2023-05-18,4.9641,10813,Dolar PTAX (Venda R$)
2023-05-19,4.9852,10813,Dolar PTAX (Venda R$)
2023-05-22,4.9674,10813,Dolar PTAX (Venda R$)
2023-05-23,4.9668,10813,Dolar PTAX (Venda R$)
2023-05-24,4.9468,10813,Dolar PTAX (Venda R$)
2023-05-25,4.9984,10813,Dolar PTAX (Venda R$)
2023-05-26,5.0108,10813,Dolar PTAX (Venda R$)
2023-05-29,4.9948,10813,Dolar PTAX (Venda R$)
2023-05-30,5.0587,10813,Dolar PTAX (Venda R$)
2023-05-31,5.0953,10813,Dolar PTAX (Venda R$)
2023-06-01,5.0344,10813,Dolar PTAX (Venda R$)
2023-06-02,4.9552,10813,Dolar PTAX (Venda R$)
2023-06-05,4.923,10813,Dolar PTAX (Venda R$)
2023-06-06,4.9286,10813,Dolar PTAX (Venda R$)
2023-06-07,4.9113,10813,Dolar PTAX (Venda R$)
2023-06-09,4.8916,10813,Dolar PTAX (Venda R$)
2023-06-12,4.8826,10813,Dolar PTAX (Venda R$)
2023-06-13,4.8527,10813,Dolar PTAX (Venda R$)
2023-06-14,4.8456,10813,Dolar PTAX (Venda R$)
2023-06-15,4.8216,10813,Dolar PTAX (Venda R$)
2023-06-16,4.828,10813,Dolar PTAX (Venda R$)
2023-06-19,4.7797,10813,Dolar PTAX (Venda R$)
2023-06-20,4.7924,10813,Dolar PTAX (Venda R$)
2023-06-21,4.7789,10813,Dolar PTAX (Venda R$)
2023-06-22,4.7744,10813,Dolar PTAX (Venda R$)
2023-06-23,4.7793,10813,Dolar PTAX (Venda R$)
2023-06-26,4.7692,10813,Dolar PTAX (Venda R$)
2023-06-27,4.7897,10813,Dolar PTAX (Venda R$)
2023-06-28,4.8557,10813,Dolar PTAX (Venda R$)
2023-06-29,4.8578,10813,Dolar PTAX (Venda R$)
2023-06-30,4.8186,10813,Dolar PTAX (Venda R$)
2023-07-03,4.787,10813,Dolar PTAX (Venda R$)
2023-07-04,4.805,10813,Dolar PTAX (Venda R$)
2023-07-05,4.8571,10813,Dolar PTAX (Venda R$)
2023-07-06,4.8971,10813,Dolar PTAX (Venda R$)
2023-07-07,4.8793,10813,Dolar PTAX (Venda R$)
2023-07-10,4.8729,10813,Dolar PTAX (Venda R$)
2023-07-11,4.8943,10813,Dolar PTAX (Venda R$)
2023-07-12,4.8052,10813,Dolar PTAX (Venda R$)
2023-07-13,4.8032,10813,Dolar PTAX (Venda R$)
2023-07-14,4.7951,10813,Dolar PTAX (Venda R$)
2023-07-17,4.8296,10813,Dolar PTAX (Venda R$)
2023-07-18,4.8034,10813,Dolar PTAX (Venda R$)
2023-07-19,4.7994,10813,Dolar PTAX (Venda R$)
2023-07-20,4.7882,10813,Dolar PTAX (Venda R$)
2023-07-21,4.7726,10813,Dolar PTAX (Venda R$)
2023-07-24,4.7451,10813,Dolar PTAX (Venda R$)
2023-07-25,4.749,10813,Dolar PTAX (Venda R$)
2023-07-26,4.7362,10813,Dolar PTAX (Venda R$)
2023-07-27,4.7196,10813,Dolar PTAX (Venda R$)
2023-07-28,4.7247,10813,Dolar PTAX (Venda R$)
2023-07-31,4.7409,10813,Dolar PTAX (Venda R$)
2023-08-01,4.7746,10813,Dolar PTAX (Venda R$)
2023-08-02,4.8077,10813,Dolar PTAX (Venda R$)
2023-08-03,4.8791,10813,Dolar PTAX (Venda R$)
2023-08-04,4.8603,10813,Dolar PTAX (Venda R$)
2023-08-07,4.9004,10813,Dolar PTAX (Venda R$)
2023-08-08,4.9211,10813,Dolar PTAX (Venda R$)
2023-08-09,4.9009,10813,Dolar PTAX (Venda R$)
2023-08-10,4.8512,10813,Dolar PTAX (Venda R$)
2023-08-11,4.8912,10813,Dolar PTAX (Venda R$)
2023-08-14,4.9475,10813,Dolar PTAX (Venda R$)
2023-08-15,4.9806,10813,Dolar PTAX (Venda R$)
2023-08-16,4.9765,10813,Dolar PTAX (Venda R$)
2023-08-17,4.981,10813,Dolar PTAX (Venda R$)
2023-08-18,4.9718,10813,Dolar PTAX (Venda R$)
2023-08-21,4.9841,10813,Dolar PTAX (Venda R$)
2023-08-22,4.9425,10813,Dolar PTAX (Venda R$)
2023-08-23,4.8971,10813,Dolar PTAX (Venda R$)
2023-08-24,4.8742,10813,Dolar PTAX (Venda R$)
2023-08-25,4.8766,10813,Dolar PTAX (Venda R$)
2023-08-28,4.8933,10813,Dolar PTAX (Venda R$)
2023-08-29,4.87,10813,Dolar PTAX (Venda R$)
2023-08-30,4.8647,10813,Dolar PTAX (Venda R$)
2023-08-31,4.9213,10813,Dolar PTAX (Venda R$)
2023-09-01,4.9312,10813,Dolar PTAX (Venda R$)
2023-09-04,4.917,10813,Dolar PTAX (Venda R$)
2023-09-05,4.9699,10813,Dolar PTAX (Venda R$)
2023-09-06,4.9756,10813,Dolar PTAX (Venda R$)
2023-09-08,4.9829,10813,Dolar PTAX (Venda R$)
2023-09-11,4.936,10813,Dolar PTAX (Venda R$)
2023-09-12,4.9499,10813,Dolar PTAX (Venda R$)
2023-09-13,4.9165,10813,Dolar PTAX (Venda R$)
2023-09-14,4.8745,10813,Dolar PTAX (Venda R$)
2023-09-15,4.8683,10813,Dolar PTAX (Venda R$)
2023-09-18,4.8529,10813,Dolar PTAX (Venda R$)
2023-09-19,4.8569,10813,Dolar PTAX (Venda R$)
2023-09-20,4.8481,10813,Dolar PTAX (Venda R$)
2023-09-21,4.9223,10813,Dolar PTAX (Venda R$)
2023-09-22,4.9125,10813,Dolar PTAX (Venda R$)
2023-09-25,4.96,10813,Dolar PTAX (Venda R$)
2023-09-26,4.9711,10813,Dolar PTAX (Venda R$)
2023-09-27,5.0283,10813,Dolar PTAX (Venda R$)
2023-09-28,5.0469,10813,Dolar PTAX (Venda R$)
2023-09-29,5.007,10813,Dolar PTAX (Venda R$)
2023-10-02,5.0673,10813,Dolar PTAX (Venda R$)
2023-10-03,5.1094,10813,Dolar PTAX (Venda R$)
2023-10-04,5.152,10813,Dolar PTAX (Venda R$)
2023-10-05,5.1707,10813,Dolar PTAX (Venda R$)
2023-10-06,5.1912,10813,Dolar PTAX (Venda R$)
2023-10-09,5.166,10813,Dolar PTAX (Venda R$)
2023-10-10,5.0856,10813,Dolar PTAX (Venda R$)
2023-10-11,5.049,10813,Dolar PTAX (Venda R$)
2023-10-13,5.0619,10813,Dolar PTAX (Venda R$)
2023-10-16,5.0612,10813,Dolar PTAX (Venda R$)
2023-10-17,5.0378,10813,Dolar PTAX (Venda R$)
2023-10-18,5.0562,10813,Dolar PTAX (Venda R$)
2023-10-19,5.0534,10813,Dolar PTAX (Venda R$)
2023-10-20,5.0522,10813,Dolar PTAX (Venda R$)
2023-10-23,5.0158,10813,Dolar PTAX (Venda R$)
2023-10-24,5.0059,10813,Dolar PTAX (Venda R$)
2023-10-25,4.9975,10813,Dolar PTAX (Venda R$)
2023-10-26,5.0049,10813,Dolar PTAX (Venda R$)
2023-10-27,4.9474,10813,Dolar PTAX (Venda R$)
2023-10-30,5.0068,10813,Dolar PTAX (Venda R$)
2023-10-31,5.0569,10813,Dolar PTAX (Venda R$)
2023-11-01,5.0188,10813,Dolar PTAX (Venda R$)
2023-11-03,4.8904,10813,Dolar PTAX (Venda R$)
2023-11-06,4.8993,10813,Dolar PTAX (Venda R$)
2023-11-07,4.8664,10813,Dolar PTAX (Venda R$)
2023-11-08,4.8849,10813,Dolar PTAX (Venda R$)
2023-11-09,4.9001,10813,Dolar PTAX (Venda R$)
2023-11-10,4.9213,10813,Dolar PTAX (Venda R$)
2023-11-13,4.924,10813,Dolar PTAX (Venda R$)
2023-11-14,4.8676,10813,Dolar PTAX (Venda R$)
2023-11-16,4.8569,10813,Dolar PTAX (Venda R$)
2023-11-17,4.8843,10813,Dolar PTAX (Venda R$)
2023-11-20,4.8717,10813,Dolar PTAX (Venda R$)
2023-11-21,4.88,10813,Dolar PTAX (Venda R$)
2023-11-22,4.8962,10813,Dolar PTAX (Venda R$)
2023-11-23,4.8925,10813,Dolar PTAX (Venda R$)
2023-11-24,4.8921,10813,Dolar PTAX (Venda R$)
2023-11-27,4.8945,10813,Dolar PTAX (Venda R$)
2023-11-28,4.8861,10813,Dolar PTAX (Venda R$)
2023-11-29,4.8927,10813,Dolar PTAX (Venda R$)
2023-11-30,4.9349,10813,Dolar PTAX (Venda R$)
2023-12-01,4.9185,10813,Dolar PTAX (Venda R$)
2023-12-04,4.9085,10813,Dolar PTAX (Venda R$)
2023-12-05,4.9516,10813,Dolar PTAX (Venda R$)
2023-12-06,4.9025,10813,Dolar PTAX (Venda R$)
2023-12-07,4.8943,10813,Dolar PTAX (Venda R$)
2023-12-08,4.9152,10813,Dolar PTAX (Venda R$)
2023-12-11,4.9434,10813,Dolar PTAX (Venda R$)
2023-12-12,4.947,10813,Dolar PTAX (Venda R$)
2023-12-13,4.9573,10813,Dolar PTAX (Venda R$)
2023-12-14,4.8906,10813,Dolar PTAX (Venda R$)
2023-12-15,4.9391,10813,Dolar PTAX (Venda R$)
2023-12-18,4.9393,10813,Dolar PTAX (Venda R$)
2023-12-19,4.8657,10813,Dolar PTAX (Venda R$)
2023-12-20,4.876,10813,Dolar PTAX (Venda R$)
2023-12-21,4.8749,10813,Dolar PTAX (Venda R$)
2023-12-22,4.8613,10813,Dolar PTAX (Venda R$)
2023-12-26,4.8362,10813,Dolar PTAX (Venda R$)
2023-12-27,4.83,10813,Dolar PTAX (Venda R$)
2023-12-28,4.8407,10813,Dolar PTAX (Venda R$)
2023-12-29,4.8407,10813,Dolar PTAX (Venda R$)
2024-01-02,4.891,10813,Dolar PTAX (Venda R$)
2024-01-03,4.9206,10813,Dolar PTAX (Venda R$)
2024-01-04,4.9182,10813,Dolar PTAX (Venda R$)
2024-01-05,4.8893,10813,Dolar PTAX (Venda R$)
2024-01-08,4.8844,10813,Dolar PTAX (Venda R$)
2024-01-09,4.8931,10813,Dolar PTAX (Venda R$)
2024-01-10,4.8895,10813,Dolar PTAX (Venda R$)
2024-01-11,4.8788,10813,Dolar PTAX (Venda R$)
2024-01-12,4.8537,10813,Dolar PTAX (Venda R$)
2024-01-15,4.8759,10813,Dolar PTAX (Venda R$)
2024-01-16,4.9032,10813,Dolar PTAX (Venda R$)
2024-01-17,4.934,10813,Dolar PTAX (Venda R$)
2024-01-18,4.9397,10813,Dolar PTAX (Venda R$)
2024-01-19,4.9217,10813,Dolar PTAX (Venda R$)
2024-01-22,4.9484,10813,Dolar PTAX (Venda R$)
2024-01-23,4.9709,10813,Dolar PTAX (Venda R$)
2024-01-24,4.9186,10813,Dolar PTAX (Venda R$)
2024-01-25,4.9226,10813,Dolar PTAX (Venda R$)
2024-01-26,4.9119,10813,Dolar PTAX (Venda R$)
2024-01-29,4.9219,10813,Dolar PTAX (Venda R$)
2024-01-30,4.9632,10813,Dolar PTAX (Venda R$)
2024-01-31,4.9529,10813,Dolar PTAX (Venda R$)
2024-02-01,4.9344,10813,Dolar PTAX (Venda R$)
2024-02-02,4.9465,10813,Dolar PTAX (Venda R$)
2024-02-05,5.0047,10813,Dolar PTAX (Venda R$)
2024-02-06,4.9681,10813,Dolar PTAX (Venda R$)
2024-02-07,4.9602,10813,Dolar PTAX (Venda R$)
2024-02-08,4.9798,10813,Dolar PTAX (Venda R$)
2024-02-09,4.9711,10813,Dolar PTAX (Venda R$)
2024-02-14,4.9717,10813,Dolar PTAX (Venda R$)
2024-02-15,4.9704,10813,Dolar PTAX (Venda R$)
2024-02-16,4.9755,10813,Dolar PTAX (Venda R$)
2024-02-19,4.9579,10813,Dolar PTAX (Venda R$)
2024-02-20,4.9402,10813,Dolar PTAX (Venda R$)
2024-02-21,4.9297,10813,Dolar PTAX (Venda R$)
2024-02-22,4.9413,10813,Dolar PTAX (Venda R$)
2024-02-23,4.9845,10813,Dolar PTAX (Venda R$)
2024-02-26,4.9813,10813,Dolar PTAX (Venda R$)
2024-02-27,4.9569,10813,Dolar PTAX (Venda R$)
2024-02-28,4.9551,10813,Dolar PTAX (Venda R$)
2024-02-29,4.9827,10813,Dolar PTAX (Venda R$)
2024-03-01,4.959,10813,Dolar PTAX (Venda R$)
2024-03-04,4.9469,10813,Dolar PTAX (Venda R$)
2024-03-05,4.9482,10813,Dolar PTAX (Venda R$)
2024-03-06,4.9392,10813,Dolar PTAX (Venda R$)
2024-03-07,4.9358,10813,Dolar PTAX (Venda R$)
2024-03-08,4.9745,10813,Dolar PTAX (Venda R$)
2024-03-11,4.9771,10813,Dolar PTAX (Venda R$)
2024-03-12,4.9807,10813,Dolar PTAX (Venda R$)
2024-03-13,4.9797,10813,Dolar PTAX (Venda R$)
2024-03-14,4.9762,10813,Dolar PTAX (Venda R$)
2024-03-15,4.9931,10813,Dolar PTAX (Venda R$)
2024-03-18,5.0118,10813,Dolar PTAX (Venda R$)
2024-03-19,5.0346,10813,Dolar PTAX (Venda R$)
2024-03-20,5.0114,10813,Dolar PTAX (Venda R$)
2024-03-21,4.9801,10813,Dolar PTAX (Venda R$)
2024-03-22,4.9891,10813,Dolar PTAX (Venda R$)
2024-03-25,4.9863,10813,Dolar PTAX (Venda R$)
2024-03-26,4.9864,10813,Dolar PTAX (Venda R$)
2024-03-27,4.985,10813,Dolar PTAX (Venda R$)
2024-03-28,4.9956,10813,Dolar PTAX (Venda R$)
2024-04-01,5.0526,10813,Dolar PTAX (Venda R$)
2024-04-02,5.0469,10813,Dolar PTAX (Venda R$)
2024-04-03,5.0718,10813,Dolar PTAX (Venda R$)
2024-04-04,5.0231,10813,Dolar PTAX (Venda R$)
2024-04-05,5.0514,10813,Dolar PTAX (Venda R$)
2024-04-08,5.0415,10813,Dolar PTAX (Venda R$)
2024-04-09,5.0074,10813,Dolar PTAX (Venda R$)
2024-04-10,5.0648,10813,Dolar PTAX (Venda R$)
2024-04-11,5.0759,10813,Dolar PTAX (Venda R$)
2024-04-12,5.1358,10813,Dolar PTAX (Venda R$)
2024-04-15,5.174,10813,Dolar PTAX (Venda R$)
2024-04-16,5.2628,10813,Dolar PTAX (Venda R$)
2024-04-17,5.2463,10813,Dolar PTAX (Venda R$)
2024-04-18,5.2506,10813,Dolar PTAX (Venda R$)
2024-04-19,5.2263,10813,Dolar PTAX (Venda R$)
2024-04-22,5.2037,10813,Dolar PTAX (Venda R$)
2024-04-23,5.162,10813,Dolar PTAX (Venda R$)
2024-04-24,5.1586,10813,Dolar PTAX (Venda R$)
2024-04-25,5.1673,10813,Dolar PTAX (Venda R$)
2024-04-26,5.1178,10813,Dolar PTAX (Venda R$)
2024-04-29,5.1149,10813,Dolar PTAX (Venda R$)
2024-04-30,5.1712,10813,Dolar PTAX (Venda R$)
2024-05-02,5.1178,10813,Dolar PTAX (Venda R$)
2024-05-03,5.0662,10813,Dolar PTAX (Venda R$)
2024-05-06,5.0721,10813,Dolar PTAX (Venda R$)
2024-05-07,5.0604,10813,Dolar PTAX (Venda R$)
2024-05-08,5.0881,10813,Dolar PTAX (Venda R$)
2024-05-09,5.1571,10813,Dolar PTAX (Venda R$)
2024-05-10,5.1458,10813,Dolar PTAX (Venda R$)
2024-05-13,5.1406,10813,Dolar PTAX (Venda R$)
2024-05-14,5.135,10813,Dolar PTAX (Venda R$)
2024-05-15,5.1417,10813,Dolar PTAX (Venda R$)
2024-05-16,5.1264,10813,Dolar PTAX (Venda R$)
2024-05-17,5.1151,10813,Dolar PTAX (Venda R$)
2024-05-20,5.1079,10813,Dolar PTAX (Venda R$)
2024-05-21,5.1031,10813,Dolar PTAX (Venda R$)
2024-05-22,5.1496,10813,Dolar PTAX (Venda R$)
2024-05-23,5.1437,10813,Dolar PTAX (Venda R$)
2024-05-24,5.1502,10813,Dolar PTAX (Venda R$)
2024-05-27,5.1698,10813,Dolar PTAX (Venda R$)
2024-05-28,5.1532,10813,Dolar PTAX (Venda R$)
2024-05-29,5.1966,10813,Dolar PTAX (Venda R$)
2024-05-31,5.241,10813,Dolar PTAX (Venda R$)
2024-06-03,5.2367,10813,Dolar PTAX (Venda R$)
2024-06-04,5.2681,10813,Dolar PTAX (Venda R$)
2024-06-05,5.2835,10813,Dolar PTAX (Venda R$)
2024-06-06,5.2675,10813,Dolar PTAX (Venda R$)
2024-06-07,5.2796,10813,Dolar PTAX (Venda R$)
2024-06-10,5.366,10813,Dolar PTAX (Venda R$)
2024-06-11,5.3519,10813,Dolar PTAX (Venda R$)
2024-06-12,5.3885,10813,Dolar PTAX (Venda R$)
2024-06-13,5.3968,10813,Dolar PTAX (Venda R$)
2024-06-14,5.3624,10813,Dolar PTAX (Venda R$)
2024-06-17,5.4124,10813,Dolar PTAX (Venda R$)
2024-06-18,5.4068,10813,Dolar PTAX (Venda R$)
2024-06-19,5.4641,10813,Dolar PTAX (Venda R$)
2024-06-20,5.4248,10813,Dolar PTAX (Venda R$)
2024-06-21,5.441,10813,Dolar PTAX (Venda R$)
2024-06-24,5.3994,10813,Dolar PTAX (Venda R$)
2024-06-25,5.4283,10813,Dolar PTAX (Venda R$)
2024-06-26,5.5091,10813,Dolar PTAX (Venda R$)
2024-06-27,5.5223,10813,Dolar PTAX (Venda R$)
2024-06-28,5.5583,10813,Dolar PTAX (Venda R$)
2024-07-01,5.5887,10813,Dolar PTAX (Venda R$)
2024-07-02,5.6671,10813,Dolar PTAX (Venda R$)
2024-07-03,5.5857,10813,Dolar PTAX (Venda R$)
2024-07-04,5.4833,10813,Dolar PTAX (Venda R$)
2024-07-05,5.4964,10813,Dolar PTAX (Venda R$)
2024-07-08,5.4714,10813,Dolar PTAX (Venda R$)
2024-07-09,5.4381,10813,Dolar PTAX (Venda R$)
2024-07-10,5.3961,10813,Dolar PTAX (Venda R$)
2024-07-11,5.4094,10813,Dolar PTAX (Venda R$)
2024-07-12,5.4523,10813,Dolar PTAX (Venda R$)
2024-07-15,5.4557,10813,Dolar PTAX (Venda R$)
2024-07-16,5.4268,10813,Dolar PTAX (Venda R$)
2024-07-17,5.4664,10813,Dolar PTAX (Venda R$)
2024-07-18,5.542,10813,Dolar PTAX (Venda R$)
2024-07-19,5.5537,10813,Dolar PTAX (Venda R$)
2024-07-22,5.5592,10813,Dolar PTAX (Venda R$)
2024-07-23,5.5801,10813,Dolar PTAX (Venda R$)
2024-07-24,5.634,10813,Dolar PTAX (Venda R$)
2024-07-25,5.6396,10813,Dolar PTAX (Venda R$)
2024-07-26,5.6459,10813,Dolar PTAX (Venda R$)
2024-07-29,5.6473,10813,Dolar PTAX (Venda R$)
2024-07-30,5.6526,10813,Dolar PTAX (Venda R$)
2024-07-31,5.6615,10813,Dolar PTAX (Venda R$)
2024-08-01,5.6675,10813,Dolar PTAX (Venda R$)
2024-08-02,5.736,10813,Dolar PTAX (Venda R$)
2024-08-05,5.764,10813,Dolar PTAX (Venda R$)
2024-08-06,5.6522,10813,Dolar PTAX (Venda R$)
2024-08-07,5.6087,10813,Dolar PTAX (Venda R$)
2024-08-08,5.6166,10813,Dolar PTAX (Venda R$)
2024-08-09,5.5109,10813,Dolar PTAX (Venda R$)
2024-08-12,5.4905,10813,Dolar PTAX (Venda R$)
2024-08-13,5.4869,10813,Dolar PTAX (Venda R$)
2024-08-14,5.4496,10813,Dolar PTAX (Venda R$)
2024-08-15,5.4645,10813,Dolar PTAX (Venda R$)
2024-08-16,5.4626,10813,Dolar PTAX (Venda R$)
2024-08-19,5.4231,10813,Dolar PTAX (Venda R$)
2024-08-20,5.4541,10813,Dolar PTAX (Venda R$)
2024-08-21,5.4701,10813,Dolar PTAX (Venda R$)
2024-08-22,5.5518,10813,Dolar PTAX (Venda R$)
2024-08-23,5.5257,10813,Dolar PTAX (Venda R$)
2024-08-26,5.4915,10813,Dolar PTAX (Venda R$)
2024-08-27,5.4963,10813,Dolar PTAX (Venda R$)
2024-08-28,5.5309,10813,Dolar PTAX (Venda R$)
2024-08-29,5.6352,10813,Dolar PTAX (Venda R$)
2024-08-30,5.6556,10813,Dolar PTAX (Venda R$)
2024-09-02,5.6224,10813,Dolar PTAX (Venda R$)
2024-09-03,5.6218,10813,Dolar PTAX (Venda R$)
2024-09-04,5.6353,10813,Dolar PTAX (Venda R$)
2024-09-05,5.6043,10813,Dolar PTAX (Venda R$)
2024-09-06,5.5696,10813,Dolar PTAX (Venda R$)
2024-09-09,5.6091,10813,Dolar PTAX (Venda R$)
2024-09-10,5.6248,10813,Dolar PTAX (Venda R$)
2024-09-11,5.6381,10813,Dolar PTAX (Venda R$)
2024-09-12,5.6548,10813,Dolar PTAX (Venda R$)
2024-09-13,5.5711,10813,Dolar PTAX (Venda R$)
2024-09-16,5.5201,10813,Dolar PTAX (Venda R$)
2024-09-17,5.5004,10813,Dolar PTAX (Venda R$)
2024-09-18,5.4761,10813,Dolar PTAX (Venda R$)
2024-09-19,5.4183,10813,Dolar PTAX (Venda R$)
2024-09-20,5.4769,10813,Dolar PTAX (Venda R$)
2024-09-23,5.544,10813,Dolar PTAX (Venda R$)
2024-09-24,5.4696,10813,Dolar PTAX (Venda R$)
2024-09-25,5.473,10813,Dolar PTAX (Venda R$)
2024-09-26,5.4406,10813,Dolar PTAX (Venda R$)
2024-09-27,5.4425,10813,Dolar PTAX (Venda R$)
2024-09-30,5.4475,10813,Dolar PTAX (Venda R$)
2024-10-01,5.4515,10813,Dolar PTAX (Venda R$)
2024-10-02,5.4299,10813,Dolar PTAX (Venda R$)
2024-10-03,5.4844,10813,Dolar PTAX (Venda R$)
2024-10-04,5.468,10813,Dolar PTAX (Venda R$)
2024-10-07,5.462,10813,Dolar PTAX (Venda R$)
2024-10-08,5.5191,10813,Dolar PTAX (Venda R$)
2024-10-09,5.5731,10813,Dolar PTAX (Venda R$)
2024-10-10,5.5813,10813,Dolar PTAX (Venda R$)
2024-10-11,5.6257,10813,Dolar PTAX (Venda R$)
2024-10-14,5.6039,10813,Dolar PTAX (Venda R$)
2024-10-15,5.6372,10813,Dolar PTAX (Venda R$)
2024-10-16,5.6743,10813,Dolar PTAX (Venda R$)
2024-10-17,5.6752,10813,Dolar PTAX (Venda R$)
2024-10-18,5.6666,10813,Dolar PTAX (Venda R$)
2024-10-21,5.7062,10813,Dolar PTAX (Venda R$)
2024-10-22,5.6952,10813,Dolar PTAX (Venda R$)
2024-10-23,5.7143,10813,Dolar PTAX (Venda R$)
2024-10-24,5.7081,10813,Dolar PTAX (Venda R$)
2024-10-25,5.6963,10813,Dolar PTAX (Venda R$)
2024-10-28,5.6982,10813,Dolar PTAX (Venda R$)
2024-10-29,5.7134,10813,Dolar PTAX (Venda R$)
2024-10-30,5.7795,10813,Dolar PTAX (Venda R$)
2024-10-31,5.7773,10813,Dolar PTAX (Venda R$)
2024-11-01,5.8067,10813,Dolar PTAX (Venda R$)
2024-11-04,5.7892,10813,Dolar PTAX (Venda R$)
2024-11-05,5.784,10813,Dolar PTAX (Venda R$)
2024-11-06,5.7642,10813,Dolar PTAX (Venda R$)
2024-11-07,5.6618,10813,Dolar PTAX (Venda R$)
2024-11-08,5.7642,10813,Dolar PTAX (Venda R$)
2024-11-11,5.7974,10813,Dolar PTAX (Venda R$)
2024-11-12,5.7688,10813,Dolar PTAX (Venda R$)
2024-11-13,5.7707,10813,Dolar PTAX (Venda R$)
2024-11-14,5.7879,10813,Dolar PTAX (Venda R$)
2024-11-18,5.7597,10813,Dolar PTAX (Venda R$)
2024-11-19,5.7737,10813,Dolar PTAX (Venda R$)
2024-11-21,5.8167,10813,Dolar PTAX (Venda R$)
2024-11-22,5.8118,10813,Dolar PTAX (Venda R$)
2024-11-25,5.7996,10813,Dolar PTAX (Venda R$)
2024-11-26,5.7984,10813,Dolar PTAX (Venda R$)
2024-11-27,5.8285,10813,Dolar PTAX (Venda R$)
2024-11-28,5.9865,10813,Dolar PTAX (Venda R$)
2024-11-29,6.0529,10813,Dolar PTAX (Venda R$)
2024-12-02,6.0628,10813,Dolar PTAX (Venda R$)
2024-12-03,6.0701,10813,Dolar PTAX (Venda R$)
2024-12-04,6.0575,10813,Dolar PTAX (Venda R$)
2024-12-05,5.9843,10813,Dolar PTAX (Venda R$)
2024-12-06,6.0287,10813,Dolar PTAX (Venda R$)
2024-12-09,6.0564,10813,Dolar PTAX (Venda R$)
2024-12-10,6.0523,10813,Dolar PTAX (Venda R$)
2024-12-11,6.0314,10813,Dolar PTAX (Venda R$)
2024-12-12,5.9402,10813,Dolar PTAX (Venda R$)
2024-12-13,6.0394,10813,Dolar PTAX (Venda R$)
2024-12-16,6.0504,10813,Dolar PTAX (Venda R$)
2024-12-17,6.1679,10813,Dolar PTAX (Venda R$)
2024-12-18,6.1618,10813,Dolar PTAX (Venda R$)
2024-12-19,6.1835,10813,Dolar PTAX (Venda R$)
2024-12-20,6.0774,10813,Dolar PTAX (Venda R$)
2024-12-23,6.1606,10813,Dolar PTAX (Venda R$)
2024-12-24,6.1527,10813,Dolar PTAX (Venda R$)
2024-12-26,6.165,10813,Dolar PTAX (Venda R$)
2024-12-27,6.1985,10813,Dolar PTAX (Venda R$)
2024-12-30,6.1917,10813,Dolar PTAX (Venda R$)
2024-12-31,6.1917,10813,Dolar PTAX (Venda R$)
2025-01-02,6.208,10813,Dolar PTAX (Venda R$)
2025-01-03,6.1557,10813,Dolar PTAX (Venda R$)
2025-01-06,6.1113,10813,Dolar PTAX (Venda R$)
2025-01-07,6.0735,10813,Dolar PTAX (Venda R$)
2025-01-08,6.1315,10813,Dolar PTAX (Venda R$)
2025-01-09,6.089,10813,Dolar PTAX (Venda R$)
2025-01-10,6.0959,10813,Dolar PTAX (Venda R$)
2025-01-13,6.1073,10813,Dolar PTAX (Venda R$)
2025-01-14,6.0665,10813,Dolar PTAX (Venda R$)
2025-01-15,6.0371,10813,Dolar PTAX (Venda R$)
2025-01-16,6.0316,10813,Dolar PTAX (Venda R$)
2025-01-17,6.0603,10813,Dolar PTAX (Venda R$)
2025-01-20,6.0492,10813,Dolar PTAX (Venda R$)
2025-01-21,6.0434,10813,Dolar PTAX (Venda R$)
2025-01-22,5.9668,10813,Dolar PTAX (Venda R$)
2025-01-23,5.9393,10813,Dolar PTAX (Venda R$)
2025-01-24,5.8919,10813,Dolar PTAX (Venda R$)
2025-01-27,5.9266,10813,Dolar PTAX (Venda R$)
2025-01-28,5.8924,10813,Dolar PTAX (Venda R$)
2025-01-29,5.859,10813,Dolar PTAX (Venda R$)
2025-01-30,5.9,10813,Dolar PTAX (Venda R$)
2025-01-31,5.8295,10813,Dolar PTAX (Venda R$)
2025-02-03,5.8681,10813,Dolar PTAX (Venda R$)
2025-02-04,5.7921,10813,Dolar PTAX (Venda R$)
2025-02-05,5.7991,10813,Dolar PTAX (Venda R$)
2025-02-06,5.785,10813,Dolar PTAX (Venda R$)
2025-02-07,5.7551,10813,Dolar PTAX (Venda R$)
2025-02-10,5.7802,10813,Dolar PTAX (Venda R$)
2025-02-11,5.7782,10813,Dolar PTAX (Venda R$)
2025-02-12,5.7705,10813,Dolar PTAX (Venda R$)
2025-02-13,5.7782,10813,Dolar PTAX (Venda R$)
2025-02-14,5.7277,10813,Dolar PTAX (Venda R$)
2025-02-17,5.7099,10813,Dolar PTAX (Venda R$)
2025-02-18,5.6973,10813,Dolar PTAX (Venda R$)
2025-02-19,5.7081,10813,Dolar PTAX (Venda R$)
2025-02-20,5.7013,10813,Dolar PTAX (Venda R$)
2025-02-21,5.7021,10813,Dolar PTAX (Venda R$)
2025-02-24,5.7252,10813,Dolar PTAX (Venda R$)
2025-02-25,5.7773,10813,Dolar PTAX (Venda R$)
2025-02-26,5.7751,10813,Dolar PTAX (Venda R$)
2025-02-27,5.8222,10813,Dolar PTAX (Venda R$)
2025-02-28,5.8482,10813,Dolar PTAX (Venda R$)
2025-03-05,5.7908,10813,Dolar PTAX (Venda R$)
2025-03-06,5.7483,10813,Dolar PTAX (Venda R$)
2025-03-07,5.7682,10813,Dolar PTAX (Venda R$)
2025-03-10,5.7924,10813,Dolar PTAX (Venda R$)
2025-03-11,5.8341,10813,Dolar PTAX (Venda R$)
2025-03-12,5.8262,10813,Dolar PTAX (Venda R$)
2025-03-13,5.8125,10813,Dolar PTAX (Venda R$)
2025-03-14,5.7413,10813,Dolar PTAX (Venda R$)
2025-03-17,5.7076,10813,Dolar PTAX (Venda R$)
2025-03-18,5.6846,10813,Dolar PTAX (Venda R$)
2025-03-19,5.6651,10813,Dolar PTAX (Venda R$)
2025-03-20,5.6622,10813,Dolar PTAX (Venda R$)
2025-03-21,5.7235,10813,Dolar PTAX (Venda R$)
2025-03-24,5.7397,10813,Dolar PTAX (Venda R$)
2025-03-25,5.6986,10813,Dolar PTAX (Venda R$)
2025-03-26,5.7292,10813,Dolar PTAX (Venda R$)
2025-03-27,5.7468,10813,Dolar PTAX (Venda R$)
2025-03-28,5.7654,10813,Dolar PTAX (Venda R$)
2025-03-31,5.7416,10813,Dolar PTAX (Venda R$)
2025-04-01,5.7045,10813,Dolar PTAX (Venda R$)
2025-04-02,5.6918,10813,Dolar PTAX (Venda R$)
2025-04-03,5.6062,10813,Dolar PTAX (Venda R$)
2025-04-04,5.7771,10813,Dolar PTAX (Venda R$)
2025-04-07,5.8871,10813,Dolar PTAX (Venda R$)
2025-04-08,5.9362,10813,Dolar PTAX (Venda R$)
2025-04-09,6.0599,10813,Dolar PTAX (Venda R$)
2025-04-10,5.9109,10813,Dolar PTAX (Venda R$)
2025-04-11,5.8731,10813,Dolar PTAX (Venda R$)
2025-04-14,5.8419,10813,Dolar PTAX (Venda R$)
2025-04-15,5.8701,10813,Dolar PTAX (Venda R$)
2025-04-16,5.8802,10813,Dolar PTAX (Venda R$)
2025-04-17,5.8553,10813,Dolar PTAX (Venda R$)
2025-04-22,5.749,10813,Dolar PTAX (Venda R$)
2025-04-23,5.6874,10813,Dolar PTAX (Venda R$)
2025-04-24,5.6732,10813,Dolar PTAX (Venda R$)
2025-04-25,5.684,10813,Dolar PTAX (Venda R$)
2025-04-28,5.6675,10813,Dolar PTAX (Venda R$)
2025-04-29,5.6461,10813,Dolar PTAX (Venda R$)
2025-04-30,5.6602,10813,Dolar PTAX (Venda R$)
2025-05-02,5.6388,10813,Dolar PTAX (Venda R$)
2025-05-05,5.6514,10813,Dolar PTAX (Venda R$)
2025-05-06,5.7204,10813,Dolar PTAX (Venda R$)
2025-05-07,5.7368,10813,Dolar PTAX (Venda R$)
2025-05-08,5.6854,10813,Dolar PTAX (Venda R$)
2025-05-09,5.6505,10813,Dolar PTAX (Venda R$)
2025-05-12,5.6816,10813,Dolar PTAX (Venda R$)
2025-05-13,5.6256,10813,Dolar PTAX (Venda R$)
2025-05-14,5.6094,10813,Dolar PTAX (Venda R$)
2025-05-15,5.6322,10813,Dolar PTAX (Venda R$)
2025-05-16,5.6919,10813,Dolar PTAX (Venda R$)
2025-05-19,5.6585,10813,Dolar PTAX (Venda R$)
2025-05-20,5.6614,10813,Dolar PTAX (Venda R$)
2025-05-21,5.6565,10813,Dolar PTAX (Venda R$)
2025-05-22,5.6384,10813,Dolar PTAX (Venda R$)
2025-05-23,5.6926,10813,Dolar PTAX (Venda R$)
2025-05-26,5.6613,10813,Dolar PTAX (Venda R$)
2025-05-27,5.6533,10813,Dolar PTAX (Venda R$)
2025-05-28,5.693,10813,Dolar PTAX (Venda R$)
2025-05-29,5.6553,10813,Dolar PTAX (Venda R$)
2025-05-30,5.7081,10813,Dolar PTAX (Venda R$)
2025-06-02,5.6931,10813,Dolar PTAX (Venda R$)
2025-06-03,5.6688,10813,Dolar PTAX (Venda R$)
2025-06-04,5.6326,10813,Dolar PTAX (Venda R$)
2025-06-05,5.5963,10813,Dolar PTAX (Venda R$)
2025-06-06,5.5941,10813,Dolar PTAX (Venda R$)
2025-06-09,5.5754,10813,Dolar PTAX (Venda R$)
2025-06-10,5.5551,10813,Dolar PTAX (Venda R$)
2025-06-11,5.5384,10813,Dolar PTAX (Venda R$)
2025-06-12,5.5382,10813,Dolar PTAX (Venda R$)
2025-06-13,5.5646,10813,Dolar PTAX (Venda R$)
2025-06-16,5.5117,10813,Dolar PTAX (Venda R$)
2025-06-17,5.4767,10813,Dolar PTAX (Venda R$)
2025-06-18,5.4873,10813,Dolar PTAX (Venda R$)
2025-06-20,5.4951,10813,Dolar PTAX (Venda R$)
2025-06-23,5.5207,10813,Dolar PTAX (Venda R$)
2025-06-24,5.4932,10813,Dolar PTAX (Venda R$)
2025-06-25,5.5421,10813,Dolar PTAX (Venda R$)
2025-06-26,5.5139,10813,Dolar PTAX (Venda R$)
2025-06-27,5.4753,10813,Dolar PTAX (Venda R$)
2025-06-30,5.4565,10813,Dolar PTAX (Venda R$)
2025-07-01,5.4505,10813,Dolar PTAX (Venda R$)
2025-07-02,5.4506,10813,Dolar PTAX (Venda R$)
2025-07-03,5.4202,10813,Dolar PTAX (Venda R$)
2025-07-04,5.4084,10813,Dolar PTAX (Venda R$)
2025-07-07,5.4546,10813,Dolar PTAX (Venda R$)
2025-07-08,5.4565,10813,Dolar PTAX (Venda R$)
2025-07-09,5.462,10813,Dolar PTAX (Venda R$)
2025-07-10,5.5427,10813,Dolar PTAX (Venda R$)
2025-07-11,5.5716,10813,Dolar PTAX (Venda R$)
2025-07-14,5.5589,10813,Dolar PTAX (Venda R$)
2025-07-15,5.5569,10813,Dolar PTAX (Venda R$)
2025-07-16,5.5716,10813,Dolar PTAX (Venda R$)
2025-07-17,5.5731,10813,Dolar PTAX (Venda R$)
2025-07-18,5.546,10813,Dolar PTAX (Venda R$)
2025-07-21,5.5619,10813,Dolar PTAX (Venda R$)
2025-07-22,5.5703,10813,Dolar PTAX (Venda R$)
2025-07-23,5.5531,10813,Dolar PTAX (Venda R$)
2025-07-24,5.5233,10813,Dolar PTAX (Venda R$)
2025-07-25,5.542,10813,Dolar PTAX (Venda R$)
2025-07-28,5.5871,10813,Dolar PTAX (Venda R$)
2025-07-29,5.5758,10813,Dolar PTAX (Venda R$)
2025-07-30,5.6028,10813,Dolar PTAX (Venda R$)
2025-07-31,5.6015,10813,Dolar PTAX (Venda R$)
2025-08-01,5.543,10813,Dolar PTAX (Venda R$)
2025-08-04,5.5107,10813,Dolar PTAX (Venda R$)
2025-08-05,5.5113,10813,Dolar PTAX (Venda R$)
2025-08-06,5.4796,10813,Dolar PTAX (Venda R$)
2025-08-07,5.4632,10813,Dolar PTAX (Venda R$)
2025-08-08,5.4248,10813,Dolar PTAX (Venda R$)
2025-08-11,5.4467,10813,Dolar PTAX (Venda R$)
2025-08-12,5.4046,10813,Dolar PTAX (Venda R$)
2025-08-13,5.3922,10813,Dolar PTAX (Venda R$)
2025-08-14,5.4089,10813,Dolar PTAX (Venda R$)
2025-08-15,5.3922,10813,Dolar PTAX (Venda R$)
2025-08-18,5.4149,10813,Dolar PTAX (Venda R$)
2025-08-19,5.471,10813,Dolar PTAX (Venda R$)
2025-08-20,5.472,10813,Dolar PTAX (Venda R$)
2025-08-21,5.4822,10813,Dolar PTAX (Venda R$)
2025-08-22,5.4386,10813,Dolar PTAX (Venda R$)
2025-08-25,5.4168,10813,Dolar PTAX (Venda R$)
2025-08-26,5.4212,10813,Dolar PTAX (Venda R$)
2025-08-27,5.4422,10813,Dolar PTAX (Venda R$)
2025-08-28,5.4109,10813,Dolar PTAX (Venda R$)
2025-08-29,5.4258,10813,Dolar PTAX (Venda R$)
2025-09-01,5.4372,10813,Dolar PTAX (Venda R$)
2025-09-02,5.4674,10813,Dolar PTAX (Venda R$)
2025-09-03,5.4479,10813,Dolar PTAX (Venda R$)
2025-09-04,5.4581,10813,Dolar PTAX (Venda R$)
2025-09-05,5.3962,10813,Dolar PTAX (Venda R$)
2025-09-08,5.4272,10813,Dolar PTAX (Venda R$)
2025-09-09,5.4272,10813,Dolar PTAX (Venda R$)
2025-09-10,5.4117,10813,Dolar PTAX (Venda R$)
2025-09-11,5.3852,10813,Dolar PTAX (Venda R$)
2025-09-12,5.3671,10813,Dolar PTAX (Venda R$)
2025-09-15,5.3202,10813,Dolar PTAX (Venda R$)
2025-09-16,5.309,10813,Dolar PTAX (Venda R$)
2025-09-17,5.3005,10813,Dolar PTAX (Venda R$)
2025-09-18,5.3004,10813,Dolar PTAX (Venda R$)
2025-09-19,5.327,10813,Dolar PTAX (Venda R$)
2025-09-22,5.3451,10813,Dolar PTAX (Venda R$)
2025-09-23,5.3057,10813,Dolar PTAX (Venda R$)
2025-09-24,5.3106,10813,Dolar PTAX (Venda R$)
2025-09-25,5.3419,10813,Dolar PTAX (Venda R$)
2025-09-26,5.3439,10813,Dolar PTAX (Venda R$)
2025-09-29,5.3223,10813,Dolar PTAX (Venda R$)
2025-09-30,5.318,10813,Dolar PTAX (Venda R$)
2025-10-01,5.3202,10813,Dolar PTAX (Venda R$)
2025-10-02,5.3443,10813,Dolar PTAX (Venda R$)
2025-10-03,5.3492,10813,Dolar PTAX (Venda R$)
2025-10-06,5.322,10813,Dolar PTAX (Venda R$)
2025-10-07,5.3357,10813,Dolar PTAX (Venda R$)
2025-10-08,5.3421,10813,Dolar PTAX (Venda R$)
2025-10-09,5.3532,10813,Dolar PTAX (Venda R$)
2025-10-10,5.444,10813,Dolar PTAX (Venda R$)
2025-10-13,5.4623,10813,Dolar PTAX (Venda R$)
2025-10-14,5.4976,10813,Dolar PTAX (Venda R$)
2025-10-15,5.4458,10813,Dolar PTAX (Venda R$)
2025-10-16,5.4348,10813,Dolar PTAX (Venda R$)
2025-10-17,5.4384,10813,Dolar PTAX (Venda R$)
2025-10-20,5.3765,10813,Dolar PTAX (Venda R$)
2025-10-21,5.3842,10813,Dolar PTAX (Venda R$)
2025-10-22,5.3892,10813,Dolar PTAX (Venda R$)
2025-10-23,5.3834,10813,Dolar PTAX (Venda R$)
2025-10-24,5.3791,10813,Dolar PTAX (Venda R$)
2025-10-27,5.3738,10813,Dolar PTAX (Venda R$)
2025-10-28,5.3684,10813,Dolar PTAX (Venda R$)
2025-10-29,5.341,10813,Dolar PTAX (Venda R$)
2025-10-30,5.3844,10813,Dolar PTAX (Venda R$)
2025-10-31,5.3837,10813,Dolar PTAX (Venda R$)
2025-11-03,5.3499,10813,Dolar PTAX (Venda R$)
2025-11-04,5.384,10813,Dolar PTAX (Venda R$)
2025-11-05,5.3792,10813,Dolar PTAX (Venda R$)
2025-11-06,5.3445,10813,Dolar PTAX (Venda R$)
2025-11-07,5.3561,10813,Dolar PTAX (Venda R$)
2025-11-10,5.3175,10813,Dolar PTAX (Venda R$)
2025-11-11,5.2723,10813,Dolar PTAX (Venda R$)
2025-11-12,5.2879,10813,Dolar PTAX (Venda R$)
2025-11-13,5.2814,10813,Dolar PTAX (Venda R$)
2025-11-14,5.2946,10813,Dolar PTAX (Venda R$)
2025-11-17,5.3102,10813,Dolar PTAX (Venda R$)
2025-11-18,5.3355,10813,Dolar PTAX (Venda R$)
2025-11-19,5.334,10813,Dolar PTAX (Venda R$)
2025-11-21,5.3896,10813,Dolar PTAX (Venda R$)
2025-11-24,5.3942,10813,Dolar PTAX (Venda R$)
2025-11-25,5.3835,10813,Dolar PTAX (Venda R$)
2025-11-26,5.3688,10813,Dolar PTAX (Venda R$)
2025-11-27,5.3484,10813,Dolar PTAX (Venda R$)
2025-11-28,5.3332,10813,Dolar PTAX (Venda R$)
2025-12-01,5.3463,10813,Dolar PTAX (Venda R$)
2025-12-02,5.3459,10813,Dolar PTAX (Venda R$)
2025-12-03,5.3108,10813,Dolar PTAX (Venda R$)
2025-12-04,5.2946,10813,Dolar PTAX (Venda R$)
2025-12-05,5.3399,10813,Dolar PTAX (Venda R$)
2025-12-08,5.4243,10813,Dolar PTAX (Venda R$)
2025-12-09,5.4564,10813,Dolar PTAX (Venda R$)
2025-12-10,5.465,10813,Dolar PTAX (Venda R$)
2025-12-11,5.4231,10813,Dolar PTAX (Venda R$)
2025-12-12,5.4005,10813,Dolar PTAX (Venda R$)
2025-12-15,5.3923,10813,Dolar PTAX (Venda R$)
2025-12-16,5.4499,10813,Dolar PTAX (Venda R$)
2025-12-17,5.5087,10813,Dolar PTAX (Venda R$)
2025-12-18,5.5277,10813,Dolar PTAX (Venda R$)
2025-12-19,5.5154,10813,Dolar PTAX (Venda R$)
2025-12-22,5.5383,10813,Dolar PTAX (Venda R$)
2025-12-23,5.5637,10813,Dolar PTAX (Venda R$)
2025-12-24,5.5342,10813,Dolar PTAX (Venda R$)
2025-12-26,5.5407,10813,Dolar PTAX (Venda R$)
2025-12-29,5.5733,10813,Dolar PTAX (Venda R$)
2025-12-30,5.5018,10813,Dolar PTAX (Venda R$)
2025-12-31,5.5018,10813,Dolar PTAX (Venda R$)
2026-01-02,5.4366,10813,Dolar PTAX (Venda R$)
2026-01-05,5.4345,10813,Dolar PTAX (Venda R$)
2026-01-06,5.3791,10813,Dolar PTAX (Venda R$)
2026-01-07,5.3874,10813,Dolar PTAX (Venda R$)
2026-01-08,5.3854,10813,Dolar PTAX (Venda R$)
2026-01-09,5.3701,10813,Dolar PTAX (Venda R$)
2026-01-12,5.3754,10813,Dolar PTAX (Venda R$)
2026-01-13,5.3758,10813,Dolar PTAX (Venda R$)
2026-01-14,5.3789,10813,Dolar PTAX (Venda R$)
2026-01-15,5.384,10813,Dolar PTAX (Venda R$)
2026-01-16,5.3792,10813,Dolar PTAX (Venda R$)
2026-01-19,5.3647,10813,Dolar PTAX (Venda R$)
2026-01-20,5.3784,10813,Dolar PTAX (Venda R$)
2026-01-21,5.3362,10813,Dolar PTAX (Venda R$)
2026-01-22,5.3112,10813,Dolar PTAX (Venda R$)
2026-01-23,5.2872,10813,Dolar PTAX (Venda R$)
2026-01-26,5.2754,10813,Dolar PTAX (Venda R$)
2026-01-27,5.2386,10813,Dolar PTAX (Venda R$)
2026-01-28,5.1832,10813,Dolar PTAX (Venda R$)
2026-01-29,5.195,10813,Dolar PTAX (Venda R$)
2026-01-30,5.2295,10813,Dolar PTAX (Venda R$)
2026-02-02,5.2581,10813,Dolar PTAX (Venda R$)
2026-02-03,5.223,10813,Dolar PTAX (Venda R$)
2026-02-04,5.2353,10813,Dolar PTAX (Venda R$)
2026-02-05,5.2574,10813,Dolar PTAX (Venda R$)
2026-02-06,5.2335,10813,Dolar PTAX (Venda R$)
2026-02-09,5.1937,10813,Dolar PTAX (Venda R$)
2026-02-10,5.2015,10813,Dolar PTAX (Venda R$)
2026-02-11,5.183,10813,Dolar PTAX (Venda R$)
2026-02-12,5.1668,10813,Dolar PTAX (Venda R$)
2026-02-13,5.2282,10813,Dolar PTAX (Venda R$)
2026-02-18,5.2343,10813,Dolar PTAX (Venda R$)
2026-02-19,5.225,10813,Dolar PTAX (Venda R$)
2026-02-20,5.2,10813,Dolar PTAX (Venda R$)
2026-02-23,5.1629,10813,Dolar PTAX (Venda R$)
2026-02-24,5.1676,10813,Dolar PTAX (Venda R$)
2026-02-25,5.1434,10813,Dolar PTAX (Venda R$)
2026-02-26,5.1376,10813,Dolar PTAX (Venda R$)
2026-02-27,5.1489,10813,Dolar PTAX (Venda R$)
2026-03-02,5.1995,10813,Dolar PTAX (Venda R$)
2026-03-03,5.2864,10813,Dolar PTAX (Venda R$)
2026-03-04,5.2085,10813,Dolar PTAX (Venda R$)
2026-03-05,5.2441,10813,Dolar PTAX (Venda R$)
2026-03-06,5.2872,10813,Dolar PTAX (Venda R$)
2026-03-09,5.2133,10813,Dolar PTAX (Venda R$)
2026-03-10,5.1616,10813,Dolar PTAX (Venda R$)
2026-03-11,5.159,10813,Dolar PTAX (Venda R$)
2026-03-12,5.2045,10813,Dolar PTAX (Venda R$)
2026-03-13,5.2535,10813,Dolar PTAX (Venda R$)
2026-03-16,5.2641,10813,Dolar PTAX (Venda R$)
2026-03-17,5.2016,10813,Dolar PTAX (Venda R$)
2026-03-18,5.2106,10813,Dolar PTAX (Venda R$)
2026-03-19,5.2581,10813,Dolar PTAX (Venda R$)
2026-03-20,5.2793,10813,Dolar PTAX (Venda R$)
2026-03-23,5.2434,10813,Dolar PTAX (Venda R$)
2026-03-24,5.2593,10813,Dolar PTAX (Venda R$)
2026-03-25,5.2269,10813,Dolar PTAX (Venda R$)
2026-03-26,5.2302,10813,Dolar PTAX (Venda R$)
2026-03-27,5.237,10813,Dolar PTAX (Venda R$)
2026-03-30,5.2347,10813,Dolar PTAX (Venda R$)
2026-03-31,5.2188,10813,Dolar PTAX (Venda R$)
2026-04-01,5.16,10813,Dolar PTAX (Venda R$)
2026-04-02,5.1649,10813,Dolar PTAX (Venda R$)
2026-04-06,5.1526,10813,Dolar PTAX (Venda R$)
2026-04-07,5.1619,10813,Dolar PTAX (Venda R$)
2026-04-08,5.0893,10813,Dolar PTAX (Venda R$)
2026-04-09,5.0815,10813,Dolar PTAX (Venda R$)
2026-04-10,5.0223,10813,Dolar PTAX (Venda R$)
2026-04-13,5.0238,10813,Dolar PTAX (Venda R$)
2026-04-14,4.98,10813,Dolar PTAX (Venda R$)
2026-04-15,4.9922,10813,Dolar PTAX (Venda R$)
2026-04-16,5.0001,10813,Dolar PTAX (Venda R$)
2026-04-17,4.9689,10813,Dolar PTAX (Venda R$)
2026-04-20,4.9838,10813,Dolar PTAX (Venda R$)
2026-04-22,4.9647,10813,Dolar PTAX (Venda R$)
2026-04-23,4.9533,10813,Dolar PTAX (Venda R$)
2026-04-24,5.0077,10813,Dolar PTAX (Venda R$)
2026-04-27,4.9694,10813,Dolar PTAX (Venda R$)
2026-04-28,4.9872,10813,Dolar PTAX (Venda R$)
2026-04-29,4.9979,10813,Dolar PTAX (Venda R$)
2026-04-30,4.988,10813,Dolar PTAX (Venda R$)
2026-05-04,4.9581,10813,Dolar PTAX (Venda R$)
2026-05-05,4.9236,10813,Dolar PTAX (Venda R$)
2026-05-06,4.9268,10813,Dolar PTAX (Venda R$)
2026-05-07,4.9164,10813,Dolar PTAX (Venda R$)
2026-05-08,4.8993,10813,Dolar PTAX (Venda R$)
2026-05-11,4.8967,10813,Dolar PTAX (Venda R$)
2026-05-12,4.8971,10813,Dolar PTAX (Venda R$)
2026-05-13,4.9112,10813,Dolar PTAX (Venda R$)
2026-05-14,4.9803,10813,Dolar PTAX (Venda R$)
2026-05-15,5.0648,10813,Dolar PTAX (Venda R$)
2026-05-18,5.0087,10813,Dolar PTAX (Venda R$)
2026-05-19,5.0372,10813,Dolar PTAX (Venda R$)
2026-05-20,5.0295,10813,Dolar PTAX (Venda R$)
2026-05-21,5.0071,10813,Dolar PTAX (Venda R$)
2026-05-22,5.0134,10813,Dolar PTAX (Venda R$)
2026-05-25,5.0066,10813,Dolar PTAX (Venda R$)
2026-05-26,5.0205,10813,Dolar PTAX (Venda R$)
2026-05-27,5.0573,10813,Dolar PTAX (Venda R$)
2026-05-28,5.0511,10813,Dolar PTAX (Venda R$)
2026-05-29,5.0563,10813,Dolar PTAX (Venda R$)
2026-06-01,5.0297,10813,Dolar PTAX (Venda R$)
2026-06-02,5.0154,10813,Dolar PTAX (Venda R$)
2026-06-03,5.0409,10813,Dolar PTAX (Venda R$)
2026-06-05,5.1238,10813,Dolar PTAX (Venda R$)
2026-06-08,5.1689,10813,Dolar PTAX (Venda R$)
2026-06-09,5.1687,10813,Dolar PTAX (Venda R$)
2026-06-10,5.1757,10813,Dolar PTAX (Venda R$)
2026-06-11,5.1472,10813,Dolar PTAX (Venda R$)
2026-06-12,5.0821,10813,Dolar PTAX (Venda R$)
2026-06-15,5.0424,10813,Dolar PTAX (Venda R$)
2026-06-16,5.0774,10813,Dolar PTAX (Venda R$)
2026-06-17,5.0635,10813,Dolar PTAX (Venda R$)
2026-06-18,5.1607,10813,Dolar PTAX (Venda R$)
2026-06-19,5.1436,10813,Dolar PTAX (Venda R$)
2026-06-22,5.1389,10813,Dolar PTAX (Venda R$)
2026-06-23,5.1737,10813,Dolar PTAX (Venda R$)
2026-06-24,5.2092,10813,Dolar PTAX (Venda R$)
2026-06-25,5.1886,10813,Dolar PTAX (Venda R$)
2026-06-26,5.1689,10813,Dolar PTAX (Venda R$)
2026-06-29,5.1711,10813,Dolar PTAX (Venda R$)
2026-06-30,5.176,10813,Dolar PTAX (Venda R$)
2026-07-01,5.1944,10813,Dolar PTAX (Venda R$)
2026-07-02,5.1939,10813,Dolar PTAX (Venda R$)
2026-07-03,5.1711,10813,Dolar PTAX (Venda R$)
2026-07-06,5.1664,10813,Dolar PTAX (Venda R$)
2026-07-07,5.1452,10813,Dolar PTAX (Venda R$)
2026-07-08,5.1546,10813,Dolar PTAX (Venda R$)
2026-07-09,5.1323,10813,Dolar PTAX (Venda R$)
2026-07-10,5.1082,10813,Dolar PTAX (Venda R$)
2026-07-13,5.1177,10813,Dolar PTAX (Venda R$)
2026-07-14,5.0736,10813,Dolar PTAX (Venda R$)
2026-07-15,5.0721,10813,Dolar PTAX (Venda R$)
2026-07-16,5.0969,10813,Dolar PTAX (Venda R$)
2026-07-17,5.117,10813,Dolar PTAX (Venda R$)
2026-07-20,5.0888,10813,Dolar PTAX (Venda R$)
2026-07-21,5.0774,10813,Dolar PTAX (Venda R$)
2026-07-22,5.0632,10813,Dolar PTAX (Venda R$)
2026-07-23,5.0801,10813,Dolar PTAX (Venda R$)
2026-07-24,5.066,10813,Dolar PTAX (Venda R$)
2026-07-27,5.0998,10813,Dolar PTAX (Venda R$)
2026-07-28,5.1171,10813,Dolar PTAX (Venda R$)
2026-07-29,5.1211,10813,Dolar PTAX (Venda R$)
2026-07-30,5.0733,10813,Dolar PTAX (Venda R$)
2026-07-31,5.0767,10813,Dolar PTAX (Venda R$)
2026-08-03,5.0717,10813,Dolar PTAX (Venda R$)
2026-08-04,5.1047,10813,Dolar PTAX (Venda R$)
2026-08-05,5.1148,10813,Dolar PTAX (Venda R$)
2026-08-06,5.1011,10813,Dolar PTAX (Venda R$)
2026-08-07,5.0902,10813,Dolar PTAX (Venda R$)
2026-08-10,5.0957,10813,Dolar PTAX (Venda R$)
2026-08-11,5.1279,10813,Dolar PTAX (Venda R$)
2026-08-12,5.1632,10813,Dolar PTAX (Venda R$)
2026-08-13,5.1853,10813,Dolar PTAX (Venda R$)
2026-08-14,5.223,10813,Dolar PTAX (Venda R$)
2026-08-17,5.2008,10813,Dolar PTAX (Venda R$)
2026-08-18,5.2037,10813,Dolar PTAX (Venda R$)
2026-08-19,5.1708,10813,Dolar PTAX (Venda R$)
2026-08-20,5.1856,10813,Dolar PTAX (Venda R$)
2026-08-21,5.1619,10813,Dolar PTAX (Venda R$)
2026-08-24,5.1506,10813,Dolar PTAX (Venda R$)
2026-08-25,5.1484,10813,Dolar PTAX (Venda R$)
2026-08-26,5.1598,10813,Dolar PTAX (Venda R$)
2026-08-27,5.1637,10813,Dolar PTAX (Venda R$)
2026-08-28,5.1999,10813,Dolar PTAX (Venda R$)
2026-08-31,5.181,10813,Dolar PTAX (Venda R$)
2026-09-01,5.1564,10813,Dolar PTAX (Venda R$)
2026-09-02,5.1267,10813,Dolar PTAX (Venda R$)
2026-09-03,5.0956,10813,Dolar PTAX (Venda R$)
2026-09-04,5.1247,10813,Dolar PTAX (Venda R$)
2026-09-08,5.085,10813,Dolar PTAX (Venda R$)
2026-09-09,5.0973,10813,Dolar PTAX (Venda R$)
2026-09-10,5.1143,10813,Dolar PTAX (Venda R$)
2026-09-11,5.0912,10813,Dolar PTAX (Venda R$)
2026-09-14,5.169,10813,Dolar PTAX (Venda R$)
2026-09-15,5.1484,10813,Dolar PTAX (Venda R$)
2026-09-16,5.152,10813,Dolar PTAX (Venda R$)
2026-09-17,5.1515,10813,Dolar PTAX (Venda R$)
2026-09-18,5.1569,10813,Dolar PTAX (Venda R$)
2026-09-21,5.1111,10813,Dolar PTAX (Venda R$)
2026-09-22,5.1155,10813,Dolar PTAX (Venda R$)
2026-09-23,5.1408,10813,Dolar PTAX (Venda R$)
2026-09-24,5.1789,10813,Dolar PTAX (Venda R$)
2026-09-25,5.1985,10813,Dolar PTAX (Venda R$)
2026-09-28,5.2126,10813,Dolar PTAX (Venda R$)
2022-01-01,91.67776,24363,IBC-Br (Atividade Economica)
2022-02-01,95.63729,24363,IBC-Br (Atividade Economica)
2022-03-01,104.53237,24363,IBC-Br (Atividade Economica)
2022-04-01,100.22938,24363,IBC-Br (Atividade Economica)
2022-05-01,99.74383,24363,IBC-Br (Atividade Economica)
2022-06-01,99.31653,24363,IBC-Br (Atividade Economica)
2022-07-01,103.95991,24363,IBC-Br (Atividade Economica)
2022-08-01,104.51156,24363,IBC-Br (Atividade Economica)
2022-09-01,101.1889,24363,IBC-Br (Atividade Economica)
2022-10-01,100.08177,24363,IBC-Br (Atividade Economica)
2022-11-01,99.15032,24363,IBC-Br (Atividade Economica)
2022-12-01,99.97037,24363,IBC-Br (Atividade Economica)
2023-01-01,95.09953,24363,IBC-Br (Atividade Economica)
2023-02-01,98.64798,24363,IBC-Br (Atividade Economica)
2023-03-01,110.61922,24363,IBC-Br (Atividade Economica)
2023-04-01,104.04095,24363,IBC-Br (Atividade Economica)
2023-05-01,102.71375,24363,IBC-Br (Atividade Economica)
2023-06-01,102.28352,24363,IBC-Br (Atividade Economica)
2023-07-01,105.34474,24363,IBC-Br (Atividade Economica)
2023-08-01,106.05687,24363,IBC-Br (Atividade Economica)
2023-09-01,101.75897,24363,IBC-Br (Atividade Economica)
2023-10-01,101.9338,24363,IBC-Br (Atividade Economica)
2023-11-01,101.68042,24363,IBC-Br (Atividade Economica)
2023-12-01,101.68469,24363,IBC-Br (Atividade Economica)
2024-01-01,99.29718,24363,IBC-Br (Atividade Economica)
2024-02-01,102.15036,24363,IBC-Br (Atividade Economica)
2024-03-01,109.56901,24363,IBC-Br (Atividade Economica)
2024-04-01,109.2572,24363,IBC-Br (Atividade Economica)
2024-05-01,104.71213,24363,IBC-Br (Atividade Economica)
2024-06-01,105.86915,24363,IBC-Br (Atividade Economica)
2024-07-01,111.509,24363,IBC-Br (Atividade Economica)
2024-08-01,110.06254,24363,IBC-Br (Atividade Economica)
2024-09-01,107.07852,24363,IBC-Br (Atividade Economica)
2024-10-01,109.18379,24363,IBC-Br (Atividade Economica)
2024-11-01,105.49006,24363,IBC-Br (Atividade Economica)
2024-12-01,104.15552,24363,IBC-Br (Atividade Economica)
2025-01-01,102.62949,24363,IBC-Br (Atividade Economica)
2025-02-01,106.82599,24363,IBC-Br (Atividade Economica)
2025-03-01,114.02067,24363,IBC-Br (Atividade Economica)
2025-04-01,112.59512,24363,IBC-Br (Atividade Economica)
2025-05-01,108.55704,24363,IBC-Br (Atividade Economica)
2025-06-01,107.36219,24363,IBC-Br (Atividade Economica)
2025-07-01,113.10928,24363,IBC-Br (Atividade Economica)
2025-08-01,110.38054,24363,IBC-Br (Atividade Economica)
2025-09-01,109.48375,24363,IBC-Br (Atividade Economica)
2025-10-01,110.07682,24363,IBC-Br (Atividade Economica)
2025-11-01,106.59892,24363,IBC-Br (Atividade Economica)
2025-12-01,107.18417,24363,IBC-Br (Atividade Economica)
2026-01-01,103.77761,24363,IBC-Br (Atividade Economica)
2026-02-01,106.76075,24363,IBC-Br (Atividade Economica)
2026-03-01,118.01719,24363,IBC-Br (Atividade Economica)
2026-04-01,113.99295,24363,IBC-Br (Atividade Economica)
2026-05-01,109.65479,24363,IBC-Br (Atividade Economica)
2026-06-01,109.94156,24363,IBC-Br (Atividade Economica)
2026-07-01,114.40189,24363,IBC-Br (Atividade Economica)
